_pmid,_doi,_publicationTitle,_year,_context,_confidence,_verdict,_usageType,name
PMID:31545171,10.7554/eLife.48983,Optical dopamine monitoring with dLight1 reveals mesolimbic phenotypes in a mouse model of neurofibromatosis type 1.,,Experimental subjects were 8–12 week old 129T2/SvEmsJ::C57Bl/6NTac Nf1+/+ and Nf1+/- male and female mice that were generated via the F1 cross,0.95,Accept,Experimental Usage,129T2/SvEmsJ::C57Bl/6NTac Nf1+/+ and Nf1+/- mice
PMID:38216123,10.1016/j.molmet.2024.101876,NF1 deficiency drives metabolic reprogramming in ER+ breast cancer.,,"three distinct, Nf1-deficient rat models to model NF-related breast cancer...The Nf1 inframe indel (Nf1-IF) rats have a 54bp deletion in exon 20",0.95,Accept,Experimental Usage,Nf1-IF rat model
PMID:38216123,10.1016/j.molmet.2024.101876,NF1 deficiency drives metabolic reprogramming in ER+ breast cancer.,,The Nf1 premature stop indel (Nf1-PS) rats have an 8-bp deletion in exon 20 that introduces a premature stop codon,0.95,Accept,Experimental Usage,Nf1-PS rat model
PMID:38216123,10.1016/j.molmet.2024.101876,NF1 deficiency drives metabolic reprogramming in ER+ breast cancer.,,The Nf1 in-frame premature stop indel (Nf1-IFPS) rats have a 57-bp deletion in exon 20 that results in a unique messenger RNA (mRNA) isoform,0.95,Accept,Experimental Usage,Nf1-IFPS rat model
PMID:20200958,10.1002/jbmr.42,Local low-dose lovastatin delivery improves the bone-healing defect caused by Nf1 loss of function in osteoblasts.,,...we assessed bone healing in the Nf1(ob) (-/-) conditional mouse model lacking Nf1 specifically in osteoblasts...,0.9,Accept,Experimental Usage,Nf1(ob) (-/-) conditional mouse model
PMID:20200958,10.1002/jbmr.42,Local low-dose lovastatin delivery improves the bone-healing defect caused by Nf1 loss of function in osteoblasts.,,...WT and mice were generated by crossing 2.3-kb α1(I) collagen-cre Nf1 flox/flox mice and Nf1 flox/flox mice...,0.85,Accept,Experimental Usage,2.3-kb α1(I) collagen-cre Nf1 flox/flox mice
PMID:20200958,10.1002/jbmr.42,Local low-dose lovastatin delivery improves the bone-healing defect caused by Nf1 loss of function in osteoblasts.,,"...crossing 2.3-kb α1(I) collagen-cre Nf1 flox/flox mice and Nf1 flox/flox mice, as described previously...",0.85,Accept,Experimental Usage,Nf1 flox/flox mice
PMID:38201517,10.3390/cancers16010089,Synergistic Suppression of NF1 Malignant Peripheral Nerve Sheath Tumor Cell Growth in Culture and Orthotopic Xenografts by Combinational Treatment with Statin and Prodrug Farnesyltransferase Inhibitor PAMAM G4 Dendrimers.,,Female NOD SCID (NOD.CB17-Prkdc/NCrCrl) mice from Charles River Laboratories were housed in barrier facilities designed for immune-compromised animals,0.95,Accept,Experimental Usage,NOD SCID mice (NOD.CB17-Prkdc/NCrCrl)
PMID:38201517,10.3390/cancers16010089,Synergistic Suppression of NF1 Malignant Peripheral Nerve Sheath Tumor Cell Growth in Culture and Orthotopic Xenografts by Combinational Treatment with Statin and Prodrug Farnesyltransferase Inhibitor PAMAM G4 Dendrimers.,,Initial range-finding studies employed female Balb/c mice (Taconic Laboratories),0.85,Accept,Experimental Usage,Balb/c mice
PMID:38201517,10.3390/cancers16010089,Synergistic Suppression of NF1 Malignant Peripheral Nerve Sheath Tumor Cell Growth in Culture and Orthotopic Xenografts by Combinational Treatment with Statin and Prodrug Farnesyltransferase Inhibitor PAMAM G4 Dendrimers.,,"Single-cell preparations of hepatocytes were prepared from male Sprague-Dawley rats (Harlan, Indianapolis, IN, USA)",0.8,Accept,Experimental Usage,Sprague-Dawley rats
PMID:32781282,10.1016/j.trsl.2020.08.001,Nf1 heterozygous mice recapitulate the anthropometric and metabolic features of human neurofibromatosis type 1.,,Nf1 heterozygous (Nf1+/-) mice accurately reflect the dominant inheritance of NF1 and are regularly employed as a model of NF1,0.95,Accept,Experimental Usage,Nf1+/- mice
PMID:32781282,10.1016/j.trsl.2020.08.001,Nf1 heterozygous mice recapitulate the anthropometric and metabolic features of human neurofibromatosis type 1.,,"Nf1 +/− mice were obtained from Tyler Jacks, Ph.D., (Massachusetts Institute of Technology, Cambridge, MA) and backcrossed 13 generations into the C57BL/6J strain",0.9,Accept,Experimental Usage,C57BL/6J strain
PMID:30617350,10.1038/s41596-018-0105-7,"A cerebellopontine angle mouse model for the investigation of tumor biology, hearing, and neurological function in NF2-related vestibular schwannoma.",,"Syngeneic immune-competent FVB/C57BL/6 mice, both male and female, 10–12 weeks old, are used for implantation of the mouse NF2 −/− Schwann cell line.",0.9,Accept,Experimental Usage,FVB/C57BL/6 mice
PMID:30617350,10.1038/s41596-018-0105-7,"A cerebellopontine angle mouse model for the investigation of tumor biology, hearing, and neurological function in NF2-related vestibular schwannoma.",,"immune-deficient mice (e.g., nude mice (nu/nu) or NOD SCID mice) should be used...We have successfully grown human HEI-193 in nude mice by following the same procedure.",0.85,Accept,Experimental Usage,nude mice (nu/nu)
PMID:30617350,10.1038/s41596-018-0105-7,"A cerebellopontine angle mouse model for the investigation of tumor biology, hearing, and neurological function in NF2-related vestibular schwannoma.",,"immune-deficient mice (e.g., nude mice (nu/nu) or NOD SCID mice) should be used.",0.85,Accept,Experimental Usage,NOD SCID mice
PMID:27956228,10.1053/j.gastro.2016.12.002,Genome-Wide CRISPR Screen Identifies Regulators of Mitogen-Activated Protein Kinase as Suppressors of Liver Tumors in Mice.,,"cells were injected into flanks of 6-8-week old, female, NCI Nu/Nu mice (Taconic) and monitored",0.85,Accept,Experimental Usage,NCI Nu/Nu mice
PMID:27956228,10.1053/j.gastro.2016.12.002,Genome-Wide CRISPR Screen Identifies Regulators of Mitogen-Activated Protein Kinase as Suppressors of Liver Tumors in Mice.,,p53 mice were crossed with Albumin-Cre mice (Jackson Laboratories),0.85,Accept,Experimental Usage,Albumin-Cre mice
PMID:24595234,10.1371/journal.pone.0090853,In vivo functional analysis of the human NF2 tumor suppressor gene in Drosophila.,,"crossed to female flies of the following genotype, y w Mer, and for each of these lines",0.9,Accept,Experimental Usage,y w Mer
PMID:24595234,10.1371/journal.pone.0090853,In vivo functional analysis of the human NF2 tumor suppressor gene in Drosophila.,,surviving 4/FM7; T80-Gal4 y w Mer hemizygous males over half of the total female offspring,0.85,Accept,Experimental Usage,4/FM7; T80-Gal4 y w Mer
PMID:21726432,10.1186/1741-7015-9-82,MIA is a potential biomarker for tumour load in neurofibromatosis type 1.,,...mice bearing conditional inactivation of NF1 in the developing limbs. These mice do not develop tumours but recapitulate aspects of NF1 bone dysplasia...,0.85,Accept,Experimental Usage,Nf1Prx1 mouse model
PMID:21726432,10.1186/1741-7015-9-82,MIA is a potential biomarker for tumour load in neurofibromatosis type 1.,,...The female Nf1flox mice were crossed to male Nf1flox heterozygous Prx1-Cre-positive males and the offspring genotyped...,0.8,Accept,Experimental Usage,Nf1flox mice
PMID:21726432,10.1186/1741-7015-9-82,MIA is a potential biomarker for tumour load in neurofibromatosis type 1.,,...The mice were continuously back-crossed to wild-type C57BL/6J to minimize the variation of genetic background...,0.85,Accept,Experimental Usage,C57BL/6J
PMID:19191334,10.1002/glia.20845,Microarray analyses reveal regional astrocyte heterogeneity with implications for neurofibromatosis type 1 (NF1)-regulated glial proliferation.,,Nf1 flox / ( flox Zhu et al. 2001 ) and Nf1 GFAP CKO ( Bajenaru et al. 2002 ) mice were generated as previously described and maintained on a C57Bl/6 background,0.9,Accept,Experimental Usage,Nf1 flox mice
PMID:19191334,10.1002/glia.20845,Microarray analyses reveal regional astrocyte heterogeneity with implications for neurofibromatosis type 1 (NF1)-regulated glial proliferation.,,Nf1 flox / ( flox Zhu et al. 2001 ) and Nf1 GFAP CKO ( Bajenaru et al. 2002 ) mice were generated as previously described and maintained on a C57Bl/6 background,0.9,Accept,Experimental Usage,Nf1 GFAP CKO mice
PMID:29402968,10.1038/s41598-018-20894-0,Integrating Functional Analysis in the Next-Generation Sequencing Diagnostic Pipeline of RASopathies.,,"To assess the effect of the VUSs on organismal phenotypes, zebrafish were used according to the methods previously described",0.9,Accept,Experimental Usage,zebrafish embryos
PMID:23225063,10.1002/ana.23793,Dopamine deficiency underlies learning deficits in neurofibromatosis-1 mice.,,Nf1 +/− GFAP CKO (CKO) with one non-functional Nf1 allele in all somatic cells and complete Nf1 loss in GFAP+ (glial) cells,0.9,Accept,Experimental Usage,Nf1 +/− GFAP CKO
PMID:23225063,10.1002/ana.23793,Dopamine deficiency underlies learning deficits in neurofibromatosis-1 mice.,,littermate control Nf1 flox/flox (CTL) mice were maintained on an inbred C57BL/6 background,0.9,Accept,Experimental Usage,Nf1 flox/flox
PMID:23225063,10.1002/ana.23793,Dopamine deficiency underlies learning deficits in neurofibromatosis-1 mice.,,mice were maintained on an inbred C57BL/6 background with ad libitum access to food and water,0.85,Accept,Experimental Usage,C57BL/6
PMID:21199799,10.1158/0008-5472.CAN-10-2732,Dose-dependent effects of focal fractionated irradiation on secondary malignant neoplasms in Nf1 mutant mice.,,"Nf1 +/− mice were generated as previously described ( − 11 ). In brief, Nf1 +/− mice maintained in the 129/Sv background ( − 12 ) were crossed with wild-type C57Bl/6 mice.",0.95,Accept,Experimental Usage,Nf1+/- mice
PMID:21199799,10.1158/0008-5472.CAN-10-2732,Dose-dependent effects of focal fractionated irradiation on secondary malignant neoplasms in Nf1 mutant mice.,,Nf1 +/− mice maintained in the 129/Sv background ( − 12 ) were crossed with wild-type C57Bl/6 mice.,0.85,Accept,Experimental Usage,129/Sv background
PMID:21199799,10.1158/0008-5472.CAN-10-2732,Dose-dependent effects of focal fractionated irradiation on secondary malignant neoplasms in Nf1 mutant mice.,,Nf1 +/− mice maintained in the 129/Sv background ( − 12 ) were crossed with wild-type C57Bl/6 mice.,0.85,Accept,Experimental Usage,C57Bl/6 mice
PMID:21439418,10.1016/j.bone.2011.03.760,Primary osteopathy of vertebrae in a neurofibromatosis type 1 murine model.,,"we report a novel murine NF1 model, Nf1(flox/-);Col2.3Cre(+) mice. These mice display short vertebral segments",0.95,Accept,Development,Nf1(flox/-);Col2.3Cre(+) mice
PMID:21439418,10.1016/j.bone.2011.03.760,Primary osteopathy of vertebrae in a neurofibromatosis type 1 murine model.,,Nf1 +/− mice were obtained from Dr. Tyler Jacks at the Massachusetts Institute of Technology,0.9,Accept,Experimental Usage,Nf1 +/− mice
PMID:21439418,10.1016/j.bone.2011.03.760,Primary osteopathy of vertebrae in a neurofibromatosis type 1 murine model.,,Nf1 flox/flox mice were provided by Dr. Luis Parada at the University of Texas Southwestern Medical Center,0.9,Accept,Experimental Usage,Nf1 flox/flox mice
PMID:21439418,10.1016/j.bone.2011.03.760,Primary osteopathy of vertebrae in a neurofibromatosis type 1 murine model.,,"Col2.3Cre transgenic mice were generated as described elsewhere. In this model, the 2.3 α1(I) Collagen promoter is used to selectively drive Cre expression",0.9,Accept,Experimental Usage,Col2.3Cre transgenic mice
PMID:21439418,10.1016/j.bone.2011.03.760,Primary osteopathy of vertebrae in a neurofibromatosis type 1 murine model.,,Col2.3Cre transgenic mice were crossed with ROSA26 reporter mice. LacZ staining was performed to assess Cre recombination,0.85,Accept,Experimental Usage,ROSA26 reporter mice
PMID:41022755,10.1038/s41467-025-63619-4,Development of an adeno-associated virus vector for gene replacement therapy of NF1-related tumors.,,"ST88-14, S462 and RHT92 cells were transfected with lentivirus carrying luciferase and 150,000 cells in 3 µl were implanted in the sciatic nerve of NSG mice (female, 6–10 weeks old)",0.95,Accept,Experimental Usage,NSG mice
PMID:30571760,10.1371/journal.pone.0208835,Neurofibromin haploinsufficiency results in altered spermatogenesis in a mouse model of neurofibromatosis type 1.,,"The NF1 mouse model used in this study has been described elsewhere. Dsk9 is a missense mutation in the GTPase-activating protein related domain of neurofibromin. Nf1Dsk9/+ (subsequently referred to as ""Nf1+/-"") mice were maintained on a mixed (C3HeB/FeJ x C57bl/6) background.",0.9,Accept,Experimental Usage,Nf1+/- mouse model
PMID:30571760,10.1371/journal.pone.0208835,Neurofibromin haploinsufficiency results in altered spermatogenesis in a mouse model of neurofibromatosis type 1.,,"Nf1Dsk9/+ (subsequently referred to as ""Nf1+/-"") mice were maintained on a mixed (C3HeB/FeJ x C57bl/6) background.",0.8,Accept,Experimental Usage,C3HeB/FeJ x C57bl/6 background
PMID:29408605,10.1016/j.neuroscience.2018.01.054,Nf2 Mutation in Schwann Cells Delays Functional Neural Recovery Following Injury.,,"P0SchΔ39-121 transgenic mice were obtained from Riken Bioresource Center (Tsukuba, Japan). P0SchΔ39-121 heterozygous mice express a dominant negative form of merlin",0.95,Accept,Experimental Usage,P0SchΔ39-121 transgenic mice
PMID:29408605,10.1016/j.neuroscience.2018.01.054,Nf2 Mutation in Schwann Cells Delays Functional Neural Recovery Following Injury.,,"WT FVB mice were obtained from Jackson Labs (Bar Harbor, ME).",0.85,Accept,Experimental Usage,FVB mice
PMID:21111000,10.1016/j.jneumeth.2010.10.021,A novel imaging-compatible sciatic nerve schwannoma model.,,"HEI-193 cells were trypsinized, rinsed, and implanted in 1 µl culture medium into the sciatic nerve of athymic mice (nu/nu, 5-week-old females; Cox 7 breeding facility, MGH)",0.9,Accept,Experimental Usage,athymic mice (nu/nu)
PMID:38931352,10.3390/ph17060685,PET Imaging of Neurofibromatosis Type 1 with a Fluorine-18 Labeled Tryptophan Radiotracer.,,"The triple mutant line from the vendor carries Trp53, Nf1, Suz12 mutations on chromosome 11 and develops tumors at approximately four months, which is similar to conditions found in human NF1 patients",0.9,Accept,Experimental Usage,"Trp53, Nf1, Suz12 triple mutant mice"
PMID:39996452,10.1111/cns.70287,Cas9 Mouse Model of Skull Base Meningioma Driven by Combinational Gene Inactivation in Meningeal Cells.,,"Twenty mice of Rosa26‐LSL‐Cas9 knockin were purchased from Jackson Laboratory (Strain #:024857, USA) and successfully bred in our lab.",0.95,Accept,Experimental Usage,Rosa26-LSL-Cas9 knockin mice
PMID:39996452,10.1111/cns.70287,Cas9 Mouse Model of Skull Base Meningioma Driven by Combinational Gene Inactivation in Meningeal Cells.,,"Twenty mice of Rosa26‐LSL‐Cas9 knockin were purchased from Jackson Laboratory (Strain #:024857, USA)",0.95,Accept,Experimental Usage,Jackson Laboratory Strain #024857
PMID:34935315,10.1117/1.JBO.26.12.125001,Analysis of muscle tissue in vivo using fiber-optic autofluorescence and diffuse reflectance spectroscopy.,,...two mouse models of genetic muscle disease: a type 1 neurofibromatosis (NF1) limb-mesenchyme knockout (Nf1Prx1-/-) and a muscular dystrophy mouse (mdx)...,0.9,Accept,Experimental Usage,Nf1Prx1-/-
PMID:34935315,10.1117/1.JBO.26.12.125001,Analysis of muscle tissue in vivo using fiber-optic autofluorescence and diffuse reflectance spectroscopy.,,...two mouse models of genetic muscle disease: a type 1 neurofibromatosis (NF1) limb-mesenchyme knockout (Nf1Prx1-/-) and a muscular dystrophy mouse (mdx)...,0.85,Accept,Experimental Usage,mdx
PMID:34935315,10.1117/1.JBO.26.12.125001,Analysis of muscle tissue in vivo using fiber-optic autofluorescence and diffuse reflectance spectroscopy.,,...the NF1 mice bred from the Nf1Prx1−/− Prx1-Cre transgenic mice and the Nf1flox/flox mice...,0.85,Accept,Experimental Usage,Nf1flox/flox
PMID:34935315,10.1117/1.JBO.26.12.125001,Analysis of muscle tissue in vivo using fiber-optic autofluorescence and diffuse reflectance spectroscopy.,,...the NF1 mice bred from the Nf1Prx1−/− Prx1-Cre transgenic mice and the Nf1flox/flox mice...,0.8,Accept,Experimental Usage,Prx1-Cre transgenic mice
PMID:34935315,10.1117/1.JBO.26.12.125001,Analysis of muscle tissue in vivo using fiber-optic autofluorescence and diffuse reflectance spectroscopy.,,"...The mdx mice (B10 mdx) were sourced from Australian Bioresources (ABR, Moss Vale)...",0.85,Accept,Experimental Usage,B10 mdx
PMID:34935315,10.1117/1.JBO.26.12.125001,Analysis of muscle tissue in vivo using fiber-optic autofluorescence and diffuse reflectance spectroscopy.,,...C57BL/6 mice (B6) and mice (NF1) were bred in-house at the Transgenic Facility...,0.8,Accept,Experimental Usage,C57BL/6 mice
PMID:8582272,10.1242/dev.121.11.3583,Neurofibromin-deficient fibroblasts fail to form perineurium in vitro.,,...generated cell cultures containing neurons. Schwann cells and fibroblasts from transgenic mouse embryos in which the type 1 neurofibromatosis gene was disrupted...,0.9,Accept,Experimental Usage,Nf1 transgenic mice
PMID:8582272,10.1242/dev.121.11.3583,Neurofibromin-deficient fibroblasts fail to form perineurium in vitro.,,C57BL/6J mice in which one allele of the NF1 gene has been targeted were generated as described elsewhere,0.85,Accept,Experimental Usage,C57BL/6J mice
PMID:33442015,10.1038/s41591-020-01193-6,Cabozantinib for neurofibromatosis type 1-related plexiform neurofibromas: a phase 2 trial.,,Genetically engineered Nf1 flox/flox ;PostnCre mice on a mixed C57BL/6 × 129/SV background were utilized for in vivo studies,0.95,Accept,Experimental Usage,Nf1 flox/flox ;PostnCre mice
PMID:29715273,10.1371/journal.pone.0196726,Neurofibromatosis type 2 tumor suppressor protein is expressed in oligodendrocytes and regulates cell proliferation and process formation.,,"NG2-EYFP mice, which carry a YFP fluorescent protein gene instead of a NG2 gene, are healthy and fertile and do not show any obvious phenotype",0.9,Accept,Experimental Usage,NG2-EYFP mice
PMID:29715273,10.1371/journal.pone.0196726,Neurofibromatosis type 2 tumor suppressor protein is expressed in oligodendrocytes and regulates cell proliferation and process formation.,,"Mice for cell cultures were obtained from breedings of C57Bl6/J mice (Janvier Labs, France)",0.85,Accept,Experimental Usage,C57Bl6/J mice
PMID:24509877,10.1038/onc.2013.506,MAF mediates crosstalk between Ras-MAPK and mTOR signaling in NF1.,,...were injected subcutaneously into the right flanks of 6 to 8-week-old female athymic nude (nu/nu) mice (Harlan),0.9,Accept,Experimental Usage,athymic nude (nu/nu) mice (Harlan)
PMID:23328114,10.18632/oncotarget.793,Genomic imbalance of HMMR/RHAMM regulates the sensitivity and response of malignant peripheral nerve sheath tumour cells to aurora kinase inhibition.,,Four-month-old male NOD/SCID mice were anesthetized with isofluorane and orthotopically implanted with 1 mm3 piece of explant tumour,0.9,Accept,Experimental Usage,NOD/SCID mice
PMID:21551250,10.1158/0008-5472.CAN-10-4577,Susceptible stages in Schwann cells for NF1-associated plexiform neurofibroma development.,,The NF1 flox/− mice are in a mixed genetic background of C57BL/6/Sv129 and have been described previously,0.95,Accept,Experimental Usage,NF1 flox/− mice
PMID:21551250,10.1158/0008-5472.CAN-10-4577,Susceptible stages in Schwann cells for NF1-associated plexiform neurofibroma development.,,"For conditional ablation of NF1, we used a tamoxifen-inducible Cre line, the PLPCre-ERT2 transgenic mice",0.9,Accept,Experimental Usage,PLPCre-ERT2 transgenic mice
PMID:21551250,10.1158/0008-5472.CAN-10-4577,Susceptible stages in Schwann cells for NF1-associated plexiform neurofibroma development.,,"The LacZ reporter mice, ROSA26R, were obtained from the Jackson Laboratories",0.85,Accept,Experimental Usage,ROSA26R
PMID:37520682,10.1016/j.omtn.2023.06.018,Combining nonsense mutation suppression therapy with nonsense-mediated decay inhibition in neurofibromatosis type 1.,,Generation of NF1 NS/+ minipigs Generation of a swine nonsense mutation model of NF1 followed a similar strategy as previously described.,0.95,Accept,Development,NF1 NS/+ minipigs
PMID:34040258,10.1038/s41586-021-03580-6,NF1 mutation drives neuronal activity-dependent initiation of optic glioma.,,"Nf1^fl/fl, OPG Nf1^fl/mut (Nf1+/-) and Nf1 (wild-type) mice were previously generated",0.9,Accept,Experimental Usage,Nf1^fl/fl mice
PMID:34040258,10.1038/s41586-021-03580-6,NF1 mutation drives neuronal activity-dependent initiation of optic glioma.,,"Nf1^fl/fl, OPG Nf1^fl/mut (Nf1+/-) and Nf1 (wild-type) mice were previously generated",0.9,Accept,Experimental Usage,OPG Nf1^fl/mut (Nf1+/-) mice
PMID:34040258,10.1038/s41586-021-03580-6,NF1 mutation drives neuronal activity-dependent initiation of optic glioma.,,"Thy1::ChR2-YFP (line 20) and Nlgn3^KO mice were acquired from the Jackson Laboratory (012350 and 008394, respectively)",0.9,Accept,Experimental Usage,Thy1::ChR2-YFP mice (line 20)
PMID:34040258,10.1038/s41586-021-03580-6,NF1 mutation drives neuronal activity-dependent initiation of optic glioma.,,"Thy1::ChR2-YFP (line 20) and Nlgn3^KO mice were acquired from the Jackson Laboratory (012350 and 008394, respectively)",0.9,Accept,Experimental Usage,Nlgn3^KO mice
PMID:21949590,10.2478/v10134-010-0025-8,ALTERED CALCIUM CURRENTS AND AXONAL GROWTH IN Nf1 HAPLOINSUFFICIENT MICE.,,Mice heterozygous for the Nf1 mutation on a background of C57BL/6J were originally developed by Dr. Tyler Jacks,0.95,Accept,Experimental Usage,Nf1+/- mice
PMID:21949590,10.2478/v10134-010-0025-8,ALTERED CALCIUM CURRENTS AND AXONAL GROWTH IN Nf1 HAPLOINSUFFICIENT MICE.,,Wildtype C57BL/6J and Nf1 mice littermates were housed and bred in the Indiana University Laboratory Animal Research Center,0.9,Accept,Experimental Usage,C57BL/6J mice
PMID:37164978,10.1038/s41467-023-38432-6,Multiplatform molecular profiling uncovers two subgroups of malignant peripheral nerve sheath tumors with distinct therapeutic vulnerabilities.,,Immunodeficient NOD-Rag1 null IL2rg mice (The Jackson Laboratory) received approximately 3 million cells via subcutaneous flank injection.,0.9,Accept,Experimental Usage,NOD-Rag1 null IL2rg mice
PMID:37164978,10.1038/s41467-023-38432-6,Multiplatform molecular profiling uncovers two subgroups of malignant peripheral nerve sheath tumors with distinct therapeutic vulnerabilities.,,non-obese diabetic severe combined immune deficiency spontaneous male mice (NOD-SCID-Prkdc scid) received 5 × 10^6 cells,0.9,Accept,Experimental Usage,NOD-SCID-Prkdc scid mice
PMID:25772366,10.1016/j.celrep.2015.02.041,Mouse low-grade gliomas contain cancer stem cells with unique molecular and functional properties.,,"Optic chiasm was microdissected from 3-month-old Nf1 flox/flox, Nf1 +/− and Nf1 +/− GFAP CKO mice to generate primary optic nerve neurospheres",0.9,Accept,Experimental Usage,Nf1 flox/flox
PMID:25772366,10.1016/j.celrep.2015.02.041,Mouse low-grade gliomas contain cancer stem cells with unique molecular and functional properties.,,"Optic chiasm was microdissected from 3-month-old Nf1 flox/flox, Nf1 +/− and Nf1 +/− GFAP CKO mice to generate primary optic nerve neurospheres",0.9,Accept,Experimental Usage,Nf1 +/−
PMID:25772366,10.1016/j.celrep.2015.02.041,Mouse low-grade gliomas contain cancer stem cells with unique molecular and functional properties.,,"Optic chiasm was microdissected from 3-month-old Nf1 flox/flox, Nf1 +/− and Nf1 +/− GFAP CKO mice to generate primary optic nerve neurospheres",0.9,Accept,Experimental Usage,Nf1 +/− GFAP CKO
PMID:25772366,10.1016/j.celrep.2015.02.041,Mouse low-grade gliomas contain cancer stem cells with unique molecular and functional properties.,,Athymic (B6.Cg/NTac-Foxn1nu NE10) mice were purchased from Taconic Laboratories,0.85,Accept,Experimental Usage,B6.Cg/NTac-Foxn1nu NE10
PMID:23535903,10.1158/2159-8290.CD-13-0081,"Canonical Wnt/β-catenin signaling drives human schwann cell transformation, progression, and tumor maintenance.",,1.5 million cells in serum-free DMEM with 33% Matrigel Basement Membrane (BD Biosciences) were injected into the back flanks of athymic Foxn1 nu/nu mice (Charles Rivers Laboratory),0.9,Accept,Experimental Usage,Foxn1 nu/nu mice (Charles Rivers Laboratory)
PMID:22901811,10.1016/j.cell.2012.06.034,ERK inhibition rescues defects in fate specification of Nf1-deficient neural progenitors and brain abnormalities.,,"The mutant mice (Nf1 hGFAP CKO) used were of the genotypes, hGFAP-cre+; Nf1 flox/KO and hGFAP-cre+; Nf1 flox/flox",0.85,Accept,Experimental Usage,Nf1 hGFAP CKO
PMID:22901811,10.1016/j.cell.2012.06.034,ERK inhibition rescues defects in fate specification of Nf1-deficient neural progenitors and brain abnormalities.,,Nestin-cre ER +; Nf1 flox/flox (tamoxifen+) mice were used as mutants (Nf1 NcreER CKO),0.85,Accept,Experimental Usage,Nf1 NcreER CKO
PMID:40590220,10.1172/JCI188932,A haploinsufficiency restoration strategy corrects neurobehavioral deficits in Nf1+/- mice.,,"Nf1 heterozygous (Nf1+/–, C57BL/6) mice have been previously described",0.95,Accept,Experimental Usage,Nf1+/- mice
PMID:40590220,10.1172/JCI188932,A haploinsufficiency restoration strategy corrects neurobehavioral deficits in Nf1+/- mice.,,"Fbxw11 heterozygous (Fbxw11+/–, C57BL/6NTac) mice were from Knockout Mouse Project (KOMP)",0.95,Accept,Experimental Usage,Fbxw11+/- mice
PMID:40590220,10.1172/JCI188932,A haploinsufficiency restoration strategy corrects neurobehavioral deficits in Nf1+/- mice.,,Fbxw11fl/fl (exon 4 targeted) mice were generated from the Fbxw11tm1a(KOMP)Wtsi strain by FLP-FRT recombination,0.95,Accept,Experimental Usage,Fbxw11fl/fl mice
PMID:21681782,10.1002/ajh.22035,Nf1 mutant mice with p19ARF gene loss develop accelerated hematopoietic disease resembling acute leukemia with a variable phenotype.,,"Mice with the p19 mutation were a kind gift from Dr. Martine Roussel at St. Jude's Children's Research Hospital, Memphis, TN.",0.9,Accept,Experimental Usage,p19 knockout mice
PMID:21681782,10.1002/ajh.22035,Nf1 mutant mice with p19ARF gene loss develop accelerated hematopoietic disease resembling acute leukemia with a variable phenotype.,,"Mx1-Cre, Nf1 flox, and Nf1 fcr (Nf1 knockout) mice have been described previously [23–25].",0.9,Accept,Experimental Usage,Mx1-Cre mice
PMID:21681782,10.1002/ajh.22035,Nf1 mutant mice with p19ARF gene loss develop accelerated hematopoietic disease resembling acute leukemia with a variable phenotype.,,"Mx1-Cre, Nf1 flox, and Nf1 fcr (Nf1 knockout) mice have been described previously [23–25].",0.9,Accept,Experimental Usage,Nf1 flox mice
PMID:21681782,10.1002/ajh.22035,Nf1 mutant mice with p19ARF gene loss develop accelerated hematopoietic disease resembling acute leukemia with a variable phenotype.,,"Mx1-Cre, Nf1 flox, and Nf1 fcr (Nf1 knockout) mice have been described previously [23–25].",0.9,Accept,Experimental Usage,Nf1 fcr mice
PMID:21681782,10.1002/ajh.22035,Nf1 mutant mice with p19ARF gene loss develop accelerated hematopoietic disease resembling acute leukemia with a variable phenotype.,,"To establish an Ly5.1/Ly5.2 mismatch, recipient animals were generated by crossing 129/Sv mice to C57BL/6J mice.",0.85,Accept,Experimental Usage,C57BL/6J mice
PMID:21681782,10.1002/ajh.22035,Nf1 mutant mice with p19ARF gene loss develop accelerated hematopoietic disease resembling acute leukemia with a variable phenotype.,,"To establish an Ly5.1/Ly5.2 mismatch, recipient animals were generated by crossing 129/Sv mice to C57BL/6J mice.",0.85,Accept,Experimental Usage,129/Sv mice
PMID:29847659,10.1167/iovs.17-22588,Neurofibromin Deficiency Induces Endothelial Cell Proliferation and Retinal Neovascularization.,,"Nf1+/- mice were obtained from Tyler Jacks (Massachusetts Institute of Technology, Cambridge, MA, USA) and backcrossed 13 generations into the C57BL/6J strain.",0.9,Accept,Experimental Usage,Nf1+/- mice
PMID:29847659,10.1167/iovs.17-22588,Neurofibromin Deficiency Induces Endothelial Cell Proliferation and Retinal Neovascularization.,,"Nf1flox/flox mice were obtained from Luis Parada (University of Texas Southwestern Medical Center, Dallas, TX, USA) and maintained on C57BL/6J background.",0.9,Accept,Experimental Usage,Nf1flox/flox mice
PMID:29847659,10.1167/iovs.17-22588,Neurofibromin Deficiency Induces Endothelial Cell Proliferation and Retinal Neovascularization.,,"Tie2cre (4128) and VE-cadherin cre (VEcre, 6137) mice were purchased from The Jackson Laboratory (Bar Harbor, ME, USA)",0.85,Accept,Experimental Usage,Tie2cre mice
PMID:29847659,10.1167/iovs.17-22588,Neurofibromin Deficiency Induces Endothelial Cell Proliferation and Retinal Neovascularization.,,"Tie2cre (4128) and VE-cadherin cre (VEcre, 6137) mice were purchased from The Jackson Laboratory (Bar Harbor, ME, USA)",0.85,Accept,Experimental Usage,VE-cadherin cre mice
PMID:26822862,10.1038/srep20010,Capturing the wide variety of impaired fracture healing phenotypes in Neurofibromatosis Type 1 with eight key factors: a computational study.,,The geometrical domain of the computational model is deduced from the real callus geometry at three weeks post-fracture in a standardised femoral rat fracture model,0.8,Accept,Experimental Usage,standardised femoral rat fracture model
PMID:36890585,10.1186/s40478-023-01525-w,Neurofibromatosis type 1-dependent alterations in mouse microglia function are not cell-intrinsic.,,"heterozygous germline knockout mouse model of Neurofibromatosis type 1 (Nf1 ± mice), in which only microglia from male Nf1 ± mice exhibited defects",0.9,Accept,Experimental Usage,Nf1 ± mice
PMID:36890585,10.1186/s40478-023-01525-w,Neurofibromatosis type 1-dependent alterations in mouse microglia function are not cell-intrinsic.,,mice used in this study were either bred onto a wild type or MacGreen (Csf1r-eGFP; [ 58 ] C57/BL6 background,0.85,Accept,Experimental Usage,MacGreen (Csf1r-eGFP)
PMID:36890585,10.1186/s40478-023-01525-w,Neurofibromatosis type 1-dependent alterations in mouse microglia function are not cell-intrinsic.,,CX3CR1-Cre ER [ 71 ] were intercrossed with Nf1 flox/flox [ 1 ] and R26R-EYFP mice [ 63 ] to generate litters,0.9,Accept,Experimental Usage,CX3CR1-Cre ER
PMID:36890585,10.1186/s40478-023-01525-w,Neurofibromatosis type 1-dependent alterations in mouse microglia function are not cell-intrinsic.,,CX3CR1-Cre ER [ 71 ] were intercrossed with Nf1 flox/flox [ 1 ] and R26R-EYFP mice,0.9,Accept,Experimental Usage,Nf1 flox/flox
PMID:36890585,10.1186/s40478-023-01525-w,Neurofibromatosis type 1-dependent alterations in mouse microglia function are not cell-intrinsic.,,intercrossed with Nf1 flox/flox [ 1 ] and R26R-EYFP mice [ 63 ] to generate litters heterozygous for Cre ER expression,0.85,Accept,Experimental Usage,R26R-EYFP mice
PMID:36890585,10.1186/s40478-023-01525-w,Neurofibromatosis type 1-dependent alterations in mouse microglia function are not cell-intrinsic.,,hGFAP-Cre +/+ were intercrossed with Nf1 flox/flox [ 1 ] to generate litters heterozygous for Cre ER expression,0.85,Accept,Experimental Usage,hGFAP-Cre +/+
PMID:36730269,10.1371/journal.pone.0277305,Identification of therapeutic sensitivities in a spheroid drug combination screen of Neurofibromatosis Type I associated High Grade Gliomas.,,"Mouse NF1-HGG cell lines 17, 5653, and 5746 were derived from three distinct high-grade murine brain tumors sporadically developed by the NPcis genetically engineered mouse model",0.95,Accept,Experimental Usage,NPcis genetically engineered mouse model
PMID:30274821,10.1016/j.ebiom.2018.09.042,Synergistic effect of Nutlin-3 combined with MG-132 on schwannoma cells through restoration of merlin and p53 tumour suppressors.,,RT4-D6P2T or HEI-193 cells (2 × 10 6 in 0.1 mL phosphatebuffered saline) were subcutaneously inoculated into the back of 4-week-old BALB/c nude mice (male),0.85,Accept,Experimental Usage,BALB/c nude mice
PMID:20554030,10.1016/j.jneuroim.2010.05.002,CXCL12 alone is insufficient for gliomagenesis in Nf1 mutant mice.,,"OPG mice (Nf1 flox/mut; GFAP-Cre, Nf1+/− GFAP CKO) mice were generated as previously described",0.95,Accept,Experimental Usage,"Nf1 flox/mut; GFAP-Cre, Nf1+/− GFAP CKO mice"
PMID:34257279,10.1038/s41467-021-24505-x,Neurofibromin regulates metabolic rate via neuronal mechanisms in Drosophila.,,The Nf1 P1 mutation was backcrossed six generations into the w CS10 genetic background and w CS10 flies were used as controls.,0.9,Accept,Experimental Usage,Nf1 P1
PMID:34257279,10.1038/s41467-021-24505-x,Neurofibromin regulates metabolic rate via neuronal mechanisms in Drosophila.,,The Nf1 P1 mutation was backcrossed six generations into the w CS10 genetic background and w CS10 flies were used as controls.,0.85,Accept,Experimental Usage,w CS10
PMID:41444363,10.1038/s41598-025-32031-9,Focused ultrasound-mediated drug delivery of bevacizumab in treating NF2-related schwannomatosis in an animal model.,,Postn-Cre transgenic and conditional Nf2flox/flox knocking alleles were obtained from the Conway and Clapp labs at Indiana University School of Medicine,0.95,Accept,Experimental Usage,Postn-Cre; Nf2flox/flox
PMID:41036607,10.1158/1535-7163.MCT-24-1053,Pharmacogenomic Synthetic Lethal Screens Reveal Hidden Vulnerabilities and New Therapeutic Approaches for Treatment of NF1-Associated Tumors.,,NF1-proficient and NF1-deficient engineered clones were injected into the flanks of 6- to 7-week-old athymic nude mice (RRID: JAX:002019),0.95,Accept,Experimental Usage,athymic nude mice (RRID: JAX:002019)
PMID:41036607,10.1158/1535-7163.MCT-24-1053,Pharmacogenomic Synthetic Lethal Screens Reveal Hidden Vulnerabilities and New Therapeutic Approaches for Treatment of NF1-Associated Tumors.,,"S462-TY cells (1.0 × 10^6) in 50% Matrigel were injected subcutaneously into the flank of 6- to 7-week-old NOD-Rag1 null IL2rg null, NOD rag gamma, NOD-RG (NRG) mice (RRID: JAX:007799)",0.95,Accept,Experimental Usage,"NOD rag gamma, NOD-RG (NRG) mice (RRID: JAX:007799)"
PMID:41036607,10.1158/1535-7163.MCT-24-1053,Pharmacogenomic Synthetic Lethal Screens Reveal Hidden Vulnerabilities and New Therapeutic Approaches for Treatment of NF1-Associated Tumors.,,"For the patient-derived xenograft (PDX) MPNST model, tumor tissue was implanted subcutaneously directly into NOD.Cg-Prkdcscid Il2rgtm1Wjl/SzJ mice",0.9,Accept,Experimental Usage,NOD.Cg-Prkdcscid Il2rgtm1Wjl/SzJ mice
PMID:41036607,10.1158/1535-7163.MCT-24-1053,Pharmacogenomic Synthetic Lethal Screens Reveal Hidden Vulnerabilities and New Therapeutic Approaches for Treatment of NF1-Associated Tumors.,,"The GEMM of high-grade PNSTs was generated as described previously. Dhh::Cre, Nf1fl/fl, Pten experimental class animals were randomized to a treatment or vehicle group",0.85,Accept,Experimental Usage,"Dhh::Cre, Nf1fl/fl, Pten"
PMID:30055648,10.1186/s13104-018-3630-0,Testing ATRA and MEK inhibitor PD0325901 effectiveness in a nude mouse model for human MPNST xenografts.,,S462 but not T265 cells form solid subcutaneous tumors in Foxn1 nude mice,0.85,Accept,Experimental Usage,Foxn1 nude mice
PMID:30055648,10.1186/s13104-018-3630-0,Testing ATRA and MEK inhibitor PD0325901 effectiveness in a nude mouse model for human MPNST xenografts.,,"Balb/c Nude (Balb/cAnNRj-Foxn1nu/Foxn1nu, Janvier)",0.9,Accept,Experimental Usage,Balb/cAnNRj-Foxn1nu/Foxn1nu
PMID:30055648,10.1186/s13104-018-3630-0,Testing ATRA and MEK inhibitor PD0325901 effectiveness in a nude mouse model for human MPNST xenografts.,,"Foxn1 (Nu/Nu) Nude (Crl:NU-Foxn1nu, Charles River)",0.9,Accept,Experimental Usage,Crl:NU-Foxn1nu
PMID:30055648,10.1186/s13104-018-3630-0,Testing ATRA and MEK inhibitor PD0325901 effectiveness in a nude mouse model for human MPNST xenografts.,,"SHO ® (SCID Hairless Outbred, Crl:SHO-PrkdcscidHrhr, Charles River)",0.9,Accept,Experimental Usage,Crl:SHO-PrkdcscidHrhr
PMID:30055648,10.1186/s13104-018-3630-0,Testing ATRA and MEK inhibitor PD0325901 effectiveness in a nude mouse model for human MPNST xenografts.,,"Shorn (ShrN NOD SCID, NOD.Cg-PrkdcscidHrhr/NCrHsd, Harlan)",0.9,Accept,Experimental Usage,NOD.Cg-PrkdcscidHrhr/NCrHsd
PMID:18451155,10.1158/0008-5472.CAN-07-6867,Pten haploinsufficiency accelerates formation of high-grade astrocytomas.,,"To generate Mut3 to Mut6 mice (see Fig. 1A for genetic configurations), we crossed Mut3 (8) or Mut4 males with wild-type",0.85,Accept,Experimental Usage,Mut3
PMID:18451155,10.1158/0008-5472.CAN-07-6867,Pten haploinsufficiency accelerates formation of high-grade astrocytomas.,,"we crossed Mut3 (8) or Mut4 males with wild-type (wt), loxP-Pten (Pten f hereafter; ref. 27)",0.85,Accept,Experimental Usage,Mut4
PMID:26883872,10.1016/j.jprot.2016.02.004,3-D imaging mass spectrometry of protein distributions in mouse Neurofibromatosis 1 (NF1)-associated optic glioma.,,Nf1flox/flox;GFAP-Cre mice (OPG mice) were generated as previously described. All mice were maintained on a C57BL/6 background and used in accordance with an approved Animal Studies protocol,0.9,Accept,Experimental Usage,Nf1flox/flox;GFAP-Cre mice
PMID:26883872,10.1016/j.jprot.2016.02.004,3-D imaging mass spectrometry of protein distributions in mouse Neurofibromatosis 1 (NF1)-associated optic glioma.,,All mice were maintained on a C57BL/6 background and used in accordance with an approved Animal Studies protocol at the Washington University School of Medicine,0.85,Accept,Experimental Usage,C57BL/6 background
PMID:28029918,10.1056/NEJMoa1605943,Activity of Selumetinib in Neurofibromatosis Type 1-Related Plexiform Neurofibromas.,,Selumetinib was evaluated in the DhhCre;Nf1fl/fl genetically engineered mouse model of neurofibroma with the use of an intermittent dosing schedule,0.9,Accept,Experimental Usage,DhhCre;Nf1fl/fl
PMID:18636037,10.1097/MAO.0b013e31817f7398,The ErbB inhibitors trastuzumab and erlotinib inhibit growth of vestibular schwannoma xenografts in nude mice: a preliminary study.,,"Xenografts were developed in male athymic Ncr Nu/Nu mice (National Cancer Institute, NIH, Bethesda, MD) from VS specimens derived from four separate patients.",0.9,Accept,Experimental Usage,athymic Ncr Nu/Nu mice
PMID:25026211,10.1016/j.ccr.2014.05.001,Merlin/NF2 loss-driven tumorigenesis linked to CRL4(DCAF1)-mediated inhibition of the hippo pathway kinases Lats1 and 2 in the nucleus.,,1×10 6 FC-1801 cells were suspended in Ca/Mg-free PBS and injected subcutaneously into the right flank of nude mice.,0.85,Accept,Experimental Usage,nude mice
PMID:21072183,10.1371/journal.pone.0013791,p21-Activated kinases are required for transformation in a cell-based model of neurofibromatosis type 2.,,2×10^6 cells were injected subcutaneously into flanks of 5-week old nude mice (BALB/c nu/nu),0.9,Accept,Experimental Usage,BALB/c nu/nu nude mice
PMID:33032988,10.1158/0008-5472.CAN-20-1365,Combined Inhibition of SHP2 and MEK Is Effective in Models of NF1-Deficient Malignant Peripheral Nerve Sheath Tumors.,,"Athymic nude (# 002019) and NOD scid gamma (NSG, # 005557) female mice were purchased from the Jackson Laboratory",0.9,Accept,Experimental Usage,athymic nude mice (#002019)
PMID:33032988,10.1158/0008-5472.CAN-20-1365,Combined Inhibition of SHP2 and MEK Is Effective in Models of NF1-Deficient Malignant Peripheral Nerve Sheath Tumors.,,"Athymic nude (# 002019) and NOD scid gamma (NSG, # 005557) female mice were purchased from the Jackson Laboratory",0.9,Accept,Experimental Usage,NOD scid gamma mice (#005557)
PMID:24465906,10.1371/journal.pone.0086115,"Multiscale, converging defects of macro-porosity, microstructure and matrix mineralization impact long bone fragility in NF1.",,"...analyzed two conditional mouse models, Nf1Prx1 (limb knock-out) and Nf1Col1 (osteoblast specific knock-out)...",0.95,Accept,Experimental Usage,Nf1Prx1
PMID:24465906,10.1371/journal.pone.0086115,"Multiscale, converging defects of macro-porosity, microstructure and matrix mineralization impact long bone fragility in NF1.",,"...analyzed two conditional mouse models, Nf1Prx1 (limb knock-out) and Nf1Col1 (osteoblast specific knock-out)...",0.95,Accept,Experimental Usage,Nf1Col1
PMID:26904939,10.1016/j.celrep.2016.01.074,Insertional Mutagenesis Identifies a STAT3/Arid1b/β-catenin Pathway Driving Neurofibroma Initiation.,,Genetic deletion of Stat3 in Schwann cell progenitors (SCPs) and Schwann cells (SCs) prevents neurofibroma formation,0.9,Accept,Experimental Usage,Nf1(fl/fl);DhhCre
PMID:26904939,10.1016/j.celrep.2016.01.074,Insertional Mutagenesis Identifies a STAT3/Arid1b/β-catenin Pathway Driving Neurofibroma Initiation.,,Knockdown of Arid1b or Gsk3β in Stat3(fl/fl);Nf1(fl/fl);DhhCre SCPs rescues neurofibroma formation after in vivo transplantation,0.9,Accept,Experimental Usage,Stat3(fl/fl);Nf1(fl/fl);DhhCre
PMID:26904939,10.1016/j.celrep.2016.01.074,Insertional Mutagenesis Identifies a STAT3/Arid1b/β-catenin Pathway Driving Neurofibroma Initiation.,,We injected 5×10^5 mouse sphere cells/injection subcutaneously into athymic female nude mice,0.85,Accept,Experimental Usage,"athymic female nude mice (Harlan, Indianapolis, IN)"
PMID:34010628,10.1016/j.stem.2021.04.029,Stem-like cells drive NF1-associated MPNST functional heterogeneity and tumor progression.,,SKPs were isolated as previously reported from neonatal Nf1 f/f ; Trp53 f/f ;Nes-TK mice within 2 weeks of age,0.9,Accept,Experimental Usage,Nf1 f/f ; Trp53 f/f ;Nes-TK mice
PMID:34010628,10.1016/j.stem.2021.04.029,Stem-like cells drive NF1-associated MPNST functional heterogeneity and tumor progression.,,BC and DRG were harvested from the E13.5 embryos as described from Nf1 f/f ;Trp53 f/f ;CGD mice,0.9,Accept,Experimental Usage,Nf1 f/f ;Trp53 f/f ;CGD mice
PMID:34010628,10.1016/j.stem.2021.04.029,Stem-like cells drive NF1-associated MPNST functional heterogeneity and tumor progression.,,"A spontaneous MPNST GEMM, cisNP, was previously described (Vogel et al., 1999). cisNP mice have mixed backgrounds",0.85,Accept,Experimental Usage,cisNP mice
PMID:18242513,10.1016/j.ccr.2008.01.003,The loss of Nf1 transiently promotes self-renewal but not tumorigenesis by neural crest stem cells.,,"Several Nf1 alleles were used in these studies including Nf1 (germline mutant) mice (− Jacks et al., 1994)",0.85,Accept,Experimental Usage,Nf1 germline mutant mice
PMID:18242513,10.1016/j.ccr.2008.01.003,The loss of Nf1 transiently promotes self-renewal but not tumorigenesis by neural crest stem cells.,,"Nf1 mice for conditional deletion (fl Zhu et al., 2001)",0.85,Accept,Experimental Usage,Nf1fl mice
PMID:18242513,10.1016/j.ccr.2008.01.003,The loss of Nf1 transiently promotes self-renewal but not tumorigenesis by neural crest stem cells.,,"Nf1/p53 cis mutant mice (− Cichowski et al., 1999)",0.85,Accept,Experimental Usage,Nf1/p53 cis mutant mice
PMID:18242513,10.1016/j.ccr.2008.01.003,The loss of Nf1 transiently promotes self-renewal but not tumorigenesis by neural crest stem cells.,,"For conditional deletion of Nf1 we used Wnt-1-Cre (+ Danielian et al., 1998)",0.85,Accept,Experimental Usage,Wnt-1-Cre mice
PMID:18242513,10.1016/j.ccr.2008.01.003,The loss of Nf1 transiently promotes self-renewal but not tumorigenesis by neural crest stem cells.,,"3.9Periostin-Cre (+ Lindsley et al., 2007)",0.85,Accept,Experimental Usage,3.9Periostin-Cre mice
PMID:18242513,10.1016/j.ccr.2008.01.003,The loss of Nf1 transiently promotes self-renewal but not tumorigenesis by neural crest stem cells.,,"P0a-Cre (+ Giovannini et al., 2000) mice",0.85,Accept,Experimental Usage,P0a-Cre mice
PMID:18242513,10.1016/j.ccr.2008.01.003,The loss of Nf1 transiently promotes self-renewal but not tumorigenesis by neural crest stem cells.,,"Compound mutant mice were generated by mating Nf1 mice with +/− Ink4a mice (−/− Sharpless et al., 2001)",0.85,Accept,Experimental Usage,Ink4a mice
PMID:18242513,10.1016/j.ccr.2008.01.003,The loss of Nf1 transiently promotes self-renewal but not tumorigenesis by neural crest stem cells.,,"or Ink4aArf mice (−/− Serrano et al., 1996)",0.85,Accept,Experimental Usage,Ink4aArf mice
PMID:24386979,10.1186/1471-2407-14-6,"Modulation of Ras signaling alters the toxicity of hydroquinone, a benzene metabolite and component of cigarette smoke.",,"Mx1-Cre, Nf1 flox/flox mice (129SV × C57BL/6 J) were generated and somatic Nf1 inactivation was induced as described elsewhere",0.9,Accept,Experimental Usage,"Mx1-Cre, Nf1 flox/flox mice (129SV × C57BL/6 J)"
PMID:21216928,10.1158/1535-7163.MCT-10-0654,Interpreting mammalian target of rapamycin and cell growth inhibition in a genetically engineered mouse model of Nf1-deficient astrocytes.,,Five-six week-old Nf1 GFAP CKO mice (Nf1 flox/flox; GFAP-Cre) were used. These mice lack Nf1 gene expression in GFAP+ (glial) cells,0.95,Accept,Experimental Usage,Nf1 GFAP CKO mice (Nf1 flox/flox; GFAP-Cre)
PMID:25917366,10.1038/mp.2015.48,HCN channels are a novel therapeutic target for cognitive dysfunction in Neurofibromatosis type 1.,,Experimental mice were obtained by crossing Nf1 mice (in C57BL/6JOlaHsd background) with 129T2/SvEmsJ...homozygous 9a−/9a+ Nf1 mutants and wild-type (WT) littermates,0.9,Accept,Experimental Usage,Nf1 9a−/9a− mice
PMID:25917366,10.1038/mp.2015.48,HCN channels are a novel therapeutic target for cognitive dysfunction in Neurofibromatosis type 1.,,"Nf1 mice (in C57BL/6JOlaHsd background) with 129T2/SvEmsJ (Jackson Laboratories, Bar Harbor, ME, USA)",0.85,Accept,Experimental Usage,C57BL/6JOlaHsd
PMID:25917366,10.1038/mp.2015.48,HCN channels are a novel therapeutic target for cognitive dysfunction in Neurofibromatosis type 1.,,"crossing Nf1 mice (in C57BL/6JOlaHsd background) with 129T2/SvEmsJ (Jackson Laboratories, Bar Harbor, ME, USA)",0.85,Accept,Experimental Usage,129T2/SvEmsJ
PMID:25917366,10.1038/mp.2015.48,HCN channels are a novel therapeutic target for cognitive dysfunction in Neurofibromatosis type 1.,,+/− H-Ras mice in C57BL/6JOlaHsd background were obtained by crossing heterozygous G12V H-Ras mice to yield homozygous G12V H-Ras mice,0.9,Accept,Experimental Usage,G12V H-Ras mice
PMID:25340526,10.1371/journal.pone.0107760,Nilotinib is more potent than imatinib for treating plexiform neurofibroma in vitro and in vivo.,,"Athymic nude mice (female, nu/nu Balb/c, 6 weeks, 20 g) were obtained from Charles River Laboratories (Sulzfeld, Germany).",0.9,Accept,Experimental Usage,"athymic nude mice (female, nu/nu Balb/c)"
PMID:29787563,10.1371/journal.pone.0190001,Graph complexity analysis identifies an ETV5 tumor-specific network in human and murine low-grade glioma.,,"Nf1 flox/flox Nf1 flox/null ; GFAP-Cre (OPG-1), Nf1 flox/R681 *; GFAP-Cre (OPG-2), Nf1 flox/null ; Pten flox/wt ; GFAP-Cre (OPG-3), and Nf1 flox/null ; Olig2-Cre (OPG-4) mice",0.9,Accept,Experimental Usage,Nf1 flox/flox mice
PMID:29787563,10.1371/journal.pone.0190001,Graph complexity analysis identifies an ETV5 tumor-specific network in human and murine low-grade glioma.,,"Nf1 flox/null ; GFAP-Cre (OPG-1), Nf1 flox/R681 *; GFAP-Cre (OPG-2), Nf1 flox/null ; Pten flox/wt ; GFAP-Cre (OPG-3), and Nf1 flox/null ; Olig2-Cre (OPG-4) mice",0.9,Accept,Experimental Usage,Nf1 flox/null ; GFAP-Cre mice
PMID:29787563,10.1371/journal.pone.0190001,Graph complexity analysis identifies an ETV5 tumor-specific network in human and murine low-grade glioma.,,"Nf1 flox/null ; GFAP-Cre (OPG-1), Nf1 flox/R681 *; GFAP-Cre (OPG-2), Nf1 flox/null ; Pten flox/wt ; GFAP-Cre (OPG-3), and Nf1 flox/null ; Olig2-Cre (OPG-4) mice",0.9,Accept,Experimental Usage,Nf1 flox/R681*; GFAP-Cre mice
PMID:29787563,10.1371/journal.pone.0190001,Graph complexity analysis identifies an ETV5 tumor-specific network in human and murine low-grade glioma.,,"Nf1 flox/null ; GFAP-Cre (OPG-1), Nf1 flox/R681 *; GFAP-Cre (OPG-2), Nf1 flox/null ; Pten flox/wt ; GFAP-Cre (OPG-3), and Nf1 flox/null ; Olig2-Cre (OPG-4) mice",0.9,Accept,Experimental Usage,Nf1 flox/null ; Pten flox/wt ; GFAP-Cre mice
PMID:29787563,10.1371/journal.pone.0190001,Graph complexity analysis identifies an ETV5 tumor-specific network in human and murine low-grade glioma.,,"Nf1 flox/null ; GFAP-Cre (OPG-1), Nf1 flox/R681 *; GFAP-Cre (OPG-2), Nf1 flox/null ; Pten flox/wt ; GFAP-Cre (OPG-3), and Nf1 flox/null ; Olig2-Cre (OPG-4) mice",0.9,Accept,Experimental Usage,Nf1 flox/null ; Olig2-Cre mice
PMID:28256556,10.1038/srep43315,An inflammatory gene signature distinguishes neurofibroma Schwann cells and macrophages from cells in the normal peripheral nervous system.,,"...by in-house breeding to Nf1 and fl/+ DhhCre to obtain Nf1fl/fl;DhhCre or Nf1 mice, as previously described...",0.95,Accept,Experimental Usage,Nf1fl/fl;DhhCre mice
PMID:17924978,10.1111/j.1750-3639.2007.00105.x,Natural history of meningioma development in mice reveals: a synergy of Nf2 and p16(Ink4a) mutations.,,"To obtain Nf2 flox2/flox2 ;p16 Ink4a*/* mice, Nf2 flox2/flox2 mice (4) on the FVB/N background were bred to p16 Ink4a*/* mice",0.9,Accept,Experimental Usage,Nf2 flox2/flox2 mice
PMID:17924978,10.1111/j.1750-3639.2007.00105.x,Natural history of meningioma development in mice reveals: a synergy of Nf2 and p16(Ink4a) mutations.,,Nf2 flox2/flox2 mice (4) on the FVB/N background were bred to p16 Ink4a*/* mice (11) on a FVB/N/129Ola mixed background,0.9,Accept,Experimental Usage,p16 Ink4a*/* mice
PMID:18483311,10.1158/1535-7163.MCT-07-2335,Effective in vivo targeting of the mammalian target of rapamycin pathway in malignant peripheral nerve sheath tumors.,,Athymic nu/nu mice were anesthetized in isoflurane and injected s.c. with 10^6 STS26T cells in the left flank,0.85,Accept,Experimental Usage,athymic nu/nu mice
PMID:20551058,10.1158/0008-5472.CAN-09-3769,Cyclic AMP suppression is sufficient to induce gliomagenesis in a mouse model of neurofibromatosis-1.,,"Wild type (Nf1), Tumor Progenitor (flox/flox Nf1; GFAP-Cre), and OPG (flox/flox Nf1; GFAP-Cre) mice were generated as previously described",0.9,Accept,Experimental Usage,Nf1^flox/flox;GFAP-Cre mice
PMID:41023593,10.1186/s10020-025-01353-9,Selective inhibition of BRAF and CRAF sensitizes NF1-deficient malignant peripheral nerve sheath tumors to MEK inhibitors.,,"6- to 8-week-old NSG (NOD.Cg-Prkdc scid Il2rg tm1Wjl /SzJ, strain #:005557, Jackson Laboratory or Johns Hopkins Oncology Animal Facility) female mice were used for in vivo efficacy studies",0.95,Accept,Experimental Usage,"NSG (NOD.Cg-Prkdc scid Il2rg tm1Wjl /SzJ, strain #:005557, Jackson Laboratory)"
PMID:41023593,10.1186/s10020-025-01353-9,Selective inhibition of BRAF and CRAF sensitizes NF1-deficient malignant peripheral nerve sheath tumors to MEK inhibitors.,,"SCID (C.B-17/IcrHsd-Prkdc scid, Envigo) female mice were used for in vivo efficacy studies",0.9,Accept,Experimental Usage,"SCID (C.B-17/IcrHsd-Prkdc scid, Envigo)"
PMID:38127282,10.1158/1078-0432.CCR-23-2548,Spatial Gene-Expression Profiling Unveils Immuno-oncogenic Programs of NF1-Associated Peripheral Nerve Sheath Tumor Progression.,,RNAseq data from murine peripheral nerve sheath tumors arising in DhhCre mice harboring Nf1-floxed alleles and Ink4a/Arf heterozygosity,0.85,Accept,Experimental Usage,DhhCre mice
PMID:38127282,10.1158/1078-0432.CCR-23-2548,Spatial Gene-Expression Profiling Unveils Immuno-oncogenic Programs of NF1-Associated Peripheral Nerve Sheath Tumor Progression.,,"RNAseq data from Nf1flox/flox;PostnCre+ and Nf1flox/flox;Arf flox/flox;PostnCre+ mice, available under GEO accession GSE213786 and GSE232707",0.85,Accept,Experimental Usage,Nf1flox/flox;PostnCre+ mice
PMID:28525381,10.18632/oncotarget.17589,The cell of origin dictates the temporal course of neurofibromatosis-1 (Nf1) low-grade glioma formation.,,Nf1+/ − mice [ 30 ] were bred with Nf1 f/wt mice to produce Nf1 flox/mut mice,0.85,Accept,Experimental Usage,Nf1+/− mice
PMID:28525381,10.18632/oncotarget.17589,The cell of origin dictates the temporal course of neurofibromatosis-1 (Nf1) low-grade glioma formation.,,Nf1+/ − mice [ 30 ] were bred with Nf1 f/wt mice to produce Nf1 flox/mut mice,0.85,Accept,Experimental Usage,Nf1flox/wt mice
PMID:28525381,10.18632/oncotarget.17589,The cell of origin dictates the temporal course of neurofibromatosis-1 (Nf1) low-grade glioma formation.,,"bred with Nf1 f/wt mice to produce Nf1 flox/mut mice, and intercrossed with Nf1 flox/flox ; Olig2-Cre mice",0.85,Accept,Experimental Usage,Nf1flox/mut mice
PMID:28525381,10.18632/oncotarget.17589,The cell of origin dictates the temporal course of neurofibromatosis-1 (Nf1) low-grade glioma formation.,,intercrossed with Nf1 flox/flox ; Olig2-Cre mice to generate Nf1 flox/mut ; Olig2-Cre (FMOC) mice,0.85,Accept,Experimental Usage,Nf1flox/flox; Olig2-Cre mice
PMID:28525381,10.18632/oncotarget.17589,The cell of origin dictates the temporal course of neurofibromatosis-1 (Nf1) low-grade glioma formation.,,intercrossed with Nf1 flox/flox ; Olig2-Cre mice to generate Nf1 flox/mut ; Olig2-Cre (FMOC) mice,0.85,Accept,Experimental Usage,Nf1flox/mut; Olig2-Cre (FMOC) mice
PMID:28525381,10.18632/oncotarget.17589,The cell of origin dictates the temporal course of neurofibromatosis-1 (Nf1) low-grade glioma formation.,,while Nf1 flox/mut ; GFAP-Cre (FMC; [ 11 ]) and Nf1 flox/flox [ 31 ] control mice were established,0.85,Accept,Experimental Usage,Nf1flox/mut; GFAP-Cre (FMC) mice
PMID:28525381,10.18632/oncotarget.17589,The cell of origin dictates the temporal course of neurofibromatosis-1 (Nf1) low-grade glioma formation.,,while Nf1 flox/mut ; GFAP-Cre (FMC; [ 11 ]) and Nf1 flox/flox [ 31 ] control mice were established,0.85,Accept,Experimental Usage,Nf1flox/flox mice
PMID:28525381,10.18632/oncotarget.17589,The cell of origin dictates the temporal course of neurofibromatosis-1 (Nf1) low-grade glioma formation.,,Nf1 flox/mut mice were also intercrossed with Nf1 flox/flox ; Prom1-Cre ER mice [ 22 ] to generate Nf1 flox/mut ; Prom1-Cre ER (FMPrC) mice,0.85,Accept,Experimental Usage,Nf1flox/flox; Prom1-CreER mice
PMID:28525381,10.18632/oncotarget.17589,The cell of origin dictates the temporal course of neurofibromatosis-1 (Nf1) low-grade glioma formation.,,intercrossed with Nf1 flox/flox ; Prom1-Cre ER mice [ 22 ] to generate Nf1 flox/mut ; Prom1-Cre ER (FMPrC) mice,0.85,Accept,Experimental Usage,Nf1flox/mut; Prom1-CreER (FMPrC) mice
PMID:28525381,10.18632/oncotarget.17589,The cell of origin dictates the temporal course of neurofibromatosis-1 (Nf1) low-grade glioma formation.,,"Olig2-Cre mice (B6-Olig2 tm2 (TVA, cre)Rth /J; Jackson Laboratory; [ 20 ])",0.9,Accept,Experimental Usage,"B6-Olig2tm2(TVA,cre)Rth/J"
PMID:28525381,10.18632/oncotarget.17589,The cell of origin dictates the temporal course of neurofibromatosis-1 (Nf1) low-grade glioma formation.,,"Olig2-Cre mice (B6-Olig2 tm2 (TVA, cre)Rth /J; Jackson Laboratory; [ 20 ]) and GFAP-Cre mice [ 32 ]",0.85,Accept,Experimental Usage,GFAP-Cre mice
PMID:28525381,10.18632/oncotarget.17589,The cell of origin dictates the temporal course of neurofibromatosis-1 (Nf1) low-grade glioma formation.,,GFAP-Cre mice [ 32 ] were intercrossed with Rosa-GREEN mice (B6.Cg- Gt(ROSA)26Sor tm(CAGZsGreen1)Hze+ / J; Jackson Laboratory),0.85,Accept,Experimental Usage,Rosa-GREEN mice
PMID:28525381,10.18632/oncotarget.17589,The cell of origin dictates the temporal course of neurofibromatosis-1 (Nf1) low-grade glioma formation.,,Rosa-GREEN mice (B6.Cg- Gt(ROSA)26Sor tm(CAGZsGreen1)Hze+ / J; Jackson Laboratory) for cell fate mapping,0.9,Accept,Experimental Usage,B6.Cg-Gt(ROSA)26Sortm(CAGZsGreen1)Hze+/J
PMID:32839340,10.1073/pnas.2008391117,Brain-wide structural and functional disruption in mice with oligodendrocyte-specific ,,Plp-Cre (66) and Nf1 fl/+ (67) mice were maintained on a pure C57BL/6 background,0.85,Accept,Experimental Usage,C57BL/6
PMID:18367665,10.1124/jpet.107.135830,Induction of apoptosis in neurofibromatosis type 1 malignant peripheral nerve sheath tumor cell lines by a combination of novel farnesyl transferase inhibitors and lovastatin.,,Primary normal rat Schwann cells were isolated from the sciatic nerves of neonatal Sprague-Davey Rats and grown on poly-D-lysine coated coverslips,0.85,Accept,Experimental Usage,Sprague-Davey Rats
PMID:33356508,10.1177/0963689720964383,C6 Cell Injection into the Optic Nerve of Long-Evans Rats: A Short-Term Model of Optic Pathway Gliomas.,,Twenty-four domestic rats of the Long-Evans strain (age 4 weeks with approximate weight of 150 g) were used as control and test recipients,0.85,Accept,Experimental Usage,Long-Evans rats
PMID:15240917,10.1155/S1110724304308107,Survival of Human Neurofibroma in Immunodeficient Mice and Initial Results of Therapy With Pirfenidone.,,Mice with severe combined immunodeficiency (SCID) were used as recipients of human neurofibroma xenotransplants,0.85,Accept,Experimental Usage,SCID mice
PMID:21963652,10.1016/j.expneurol.2011.09.005,PET imaging for attention deficit preclinical drug testing in neurofibromatosis-1 mice.,,Nf1 +/− GFAP CKO (CKO) and control littermate Nf1 flox/flox (WT) mice were maintained on an inbred C57BL/6 background,0.9,Accept,Experimental Usage,Nf1+/− GFAP CKO mice
PMID:21963652,10.1016/j.expneurol.2011.09.005,PET imaging for attention deficit preclinical drug testing in neurofibromatosis-1 mice.,,Nf1 +/− GFAP CKO (CKO) and control littermate Nf1 flox/flox (WT) mice were maintained on an inbred C57BL/6 background,0.9,Accept,Experimental Usage,Nf1 flox/flox mice
PMID:39415595,10.1242/dmm.050862,Generation of a zebrafish neurofibromatosis model via inducible knockout of nf2a/b.,,"Transgenic lines used in this study were the ABWT (Zebrafish International Resource Center), Tg(HOTCre:Cas9) (a kind gift from Dr Wenbiao Chen, Vanderbilt University School of Medicine",0.95,Accept,Experimental Usage,Tg(HOTCre:Cas9)
PMID:39415595,10.1242/dmm.050862,Generation of a zebrafish neurofibromatosis model via inducible knockout of nf2a/b.,,"Transgenic lines used in this study were the ABWT (Zebrafish International Resource Center), Tg(HOTCre:Cas9) (a kind gift from Dr Wenbiao Chen, Vanderbilt University School of Medicine, Nashville, TN, USA), Tg(-7.2kb-sox10:mRFP)",0.95,Accept,Experimental Usage,Tg(-7.2kb-sox10:mRFP)
PMID:39415595,10.1242/dmm.050862,Generation of a zebrafish neurofibromatosis model via inducible knockout of nf2a/b.,,"Transgenic lines used in this study were the ABWT (Zebrafish International Resource Center), Tg(HOTCre:Cas9) (a kind gift from Dr Wenbiao Chen, Vanderbilt University School of Medicine, Nashville, TN, USA), Tg(-7.2kb-sox10:mRFP) and Tg(U6x:nf2a/b-4sgRNA) (generated at the Bronner laboratory, Caltech) lines.",0.95,Accept,Development,Tg(U6x:nf2a/b-4sgRNA)
PMID:39415595,10.1242/dmm.050862,Generation of a zebrafish neurofibromatosis model via inducible knockout of nf2a/b.,,Transgenic lines used in this study were the ABWT (Zebrafish International Resource Center),0.9,Accept,Experimental Usage,ABWT
PMID:37246765,10.1093/neuonc/noad097,Ex vivo to in vivo model of malignant peripheral nerve sheath tumors for precision oncology.,,Tumor tissue was implanted dorsally into 5- to 6-week-old NOD- Rag1 null IL2rg (NRG) mice.,0.9,Accept,Experimental Usage,NOD-Rag1 null IL2rg (NRG) mice
PMID:24375753,10.1002/ana.24093,Sex Is a major determinant of neuronal dysfunction in neurofibromatosis type 1.,,"Nf1 +/- GFAP CKO ( Nf1 flox/mut ;GFAP-Cre,  Nf1 -CKO) and littermate control ( Nf1 flox/flox ; CTL) mice were maintained on an inbred C57BL/6 background",0.9,Accept,Experimental Usage,"Nf1 +/- GFAP CKO (Nf1 flox/mut ;GFAP-Cre, Nf1 -CKO)"
PMID:24375753,10.1002/ana.24093,Sex Is a major determinant of neuronal dysfunction in neurofibromatosis type 1.,,"Nf1 +/- GFAP CKO ( Nf1 flox/mut ;GFAP-Cre,  Nf1 -CKO) and littermate control ( Nf1 flox/flox ; CTL) mice were maintained on an inbred C57BL/6 background",0.9,Accept,Experimental Usage,littermate control (Nf1 flox/flox ; CTL) mice
PMID:25043591,10.1002/jbmr.2316,Combined MEK inhibition and BMP2 treatment promotes osteoblast differentiation and bone healing in Nf1Osx -/- mice.,,WT and Nf1 mice (herein called TetOff-Osx −/− Nf1 mice) were generated by crossing Osx −/− Nf1 flox/flox mice,0.9,Accept,Experimental Usage,Nf1Osx-/- mice
PMID:25043591,10.1002/jbmr.2316,Combined MEK inhibition and BMP2 treatment promotes osteoblast differentiation and bone healing in Nf1Osx -/- mice.,,WT and Nf1 mice (herein called TetOff-Osx −/− Nf1 mice) were generated by crossing,0.9,Accept,Experimental Usage,TetOff-Osx−/− Nf1 mice
PMID:25043591,10.1002/jbmr.2316,Combined MEK inhibition and BMP2 treatment promotes osteoblast differentiation and bone healing in Nf1Osx -/- mice.,,"were generated by crossing Osx −/− Nf1 flox/flox mice ( 11 ) and Osx -tTA, tetO -cre; Nf1 flox/flox mice",0.9,Accept,Experimental Usage,Osx−/− Nf1flox/flox mice
PMID:25043591,10.1002/jbmr.2316,Combined MEK inhibition and BMP2 treatment promotes osteoblast differentiation and bone healing in Nf1Osx -/- mice.,,"crossing Osx −/− Nf1 flox/flox mice ( 11 ) and Osx -tTA, tetO -cre; Nf1 flox/flox mice ( 12 )",0.9,Accept,Experimental Usage,"Osx-tTA, tetO-cre; Nf1flox/flox mice"
PMID:24371224,10.1158/0008-5472.CAN-13-2062,Tumor suppressor alterations cooperate to drive aggressive mesotheliomas with enriched cancer stem cells via a p53-miR-34a-c-Met axis.,,...germline knockout of one allele of each of these genes causes accelerated onset and progression of asbestos-induced malignant mesothelioma compared with asbestos-exposed Nf2(+/-) or wild-type mice...,0.9,Accept,Experimental Usage,Nf2(+/-) mice
PMID:24371224,10.1158/0008-5472.CAN-13-2062,Tumor suppressor alterations cooperate to drive aggressive mesotheliomas with enriched cancer stem cells via a p53-miR-34a-c-Met axis.,,"...Ascites from some Nf2(+/-);Cdkn2a(+/-) mice exhibited large tumor spheroids, and tail vein injections of malignant mesothelioma cells established from these mice...",0.9,Accept,Experimental Usage,Cdkn2a(+/-) mice
PMID:24371224,10.1158/0008-5472.CAN-13-2062,Tumor suppressor alterations cooperate to drive aggressive mesotheliomas with enriched cancer stem cells via a p53-miR-34a-c-Met axis.,,...malignant mesothelioma cells derived from Nf2(+/-);Cdkn2a(+/-) mice into severe combined immunodeficient mice produced tumors that penetrated the diaphragm...,0.95,Accept,Experimental Usage,Nf2(+/-);Cdkn2a(+/-) mice
PMID:24371224,10.1158/0008-5472.CAN-13-2062,Tumor suppressor alterations cooperate to drive aggressive mesotheliomas with enriched cancer stem cells via a p53-miR-34a-c-Met axis.,,"p16/p19 (01XB2, FVB/N.129- +/− Cdkn2a ) mice ( tm1Rdp 6 ), obtained from the Mouse Models of Human Cancers Consortium, were crossed to Nf2 mice...",0.9,Accept,Experimental Usage,p16/p19(+/-) Cdkn2a(tm1Rdp) mice
PMID:24371224,10.1158/0008-5472.CAN-13-2062,Tumor suppressor alterations cooperate to drive aggressive mesotheliomas with enriched cancer stem cells via a p53-miR-34a-c-Met axis.,,...Intraperitoneal injections of malignant mesothelioma cells derived from Nf2(+/-);Cdkn2a(+/-) mice into severe combined immunodeficient mice produced tumors...,0.85,Accept,Experimental Usage,SCID mice
PMID:19144871,10.3181/0809-RM-275,Identification of erythrocyte p55/MPP1 as a binding partner of NF2 tumor suppressor protein/Merlin.,,The anti-p55 mouse monoclonal antibody was generated by immunizing BALB/c mice with the recombinant SH3-GUK segment,0.85,Accept,Experimental Usage,BALB/c mice
PMID:23071067,10.1158/0008-5472.CAN-12-1728,Genetically mediated Nf1 loss in mice promotes diverse radiation-induced tumors modeling second malignant neoplasms.,,"Nf1 +/− and wildtype mice were generated as previously described ( 18 ). In brief, Nf1 +/− mice maintained in the 129/Sv background ( 19 ) were crossed with wild-type C57Bl/6 mice.",0.9,Accept,Experimental Usage,Nf1+/- mice
PMID:23071067,10.1158/0008-5472.CAN-12-1728,Genetically mediated Nf1 loss in mice promotes diverse radiation-induced tumors modeling second malignant neoplasms.,,Nf1 +/− mice maintained in the 129/Sv background ( 19 ) were crossed with wild-type C57Bl/6 mice.,0.85,Accept,Experimental Usage,129/Sv background mice
PMID:23071067,10.1158/0008-5472.CAN-12-1728,Genetically mediated Nf1 loss in mice promotes diverse radiation-induced tumors modeling second malignant neoplasms.,,Nf1 +/− mice maintained in the 129/Sv background ( 19 ) were crossed with wild-type C57Bl/6 mice.,0.85,Accept,Experimental Usage,C57Bl/6 mice
PMID:16835260,10.1093/hmg/ddl165,Nf1+/- mast cells induce neurofibroma like phenotypes through secreted TGF-beta signaling.,,"Nf1 +/− mice were obtained from Dr Tyler Jacks at the Massachusetts Institute of Technology (Cambridge, MA, USA) in a C57BL/6J.129 background and backcrossed for 13 generations into a C57BL/6J strain",0.9,Accept,Experimental Usage,Nf1+/- mice
PMID:36241865,10.1038/s12276-022-00850-9,Transplanting neurofibromatosis-1 gene knockout neural stem cells improve functional recovery in rats with spinal cord injury by enhancing the mTORC2 pathway.,,"NSCs were obtained from the fetal brains of embryonic Day 14 pregnant Sprague‒Dawley rats (Experimental Animal Center of Southern Medical University, Guangzhou, China)",0.85,Accept,Experimental Usage,Sprague‒Dawley rats
PMID:24817309,10.1371/journal.pone.0097320,Nf2/Merlin controls spinal cord neural progenitor function in a Rac1/ErbB2-dependent manner.,,Nf2 flox/flox mice carrying a LoxP insertion in the Nf2 gene [13] were maintained at the Washington University School of Medicine.,0.9,Accept,Experimental Usage,Nf2 flox/flox mice
PMID:25535838,10.7554/eLife.05151,Transient inhibition of the ERK pathway prevents cerebellar developmental defects and improves long-term motor functions in murine models of neurofibromatosis type 1.,,"Three independent Cre transgenic strains under the control of hGFAP, Math1 and L7 promoters were utilized to target an Nf1 mutation into different cell lineages",0.9,Accept,Experimental Usage,hGFAP-cre transgenic mice
PMID:25535838,10.7554/eLife.05151,Transient inhibition of the ERK pathway prevents cerebellar developmental defects and improves long-term motor functions in murine models of neurofibromatosis type 1.,,"Three independent Cre transgenic strains under the control of hGFAP, Math1 and L7 promoters were utilized to target an Nf1 mutation into different cell lineages",0.9,Accept,Experimental Usage,Math1-cre transgenic mice
PMID:25535838,10.7554/eLife.05151,Transient inhibition of the ERK pathway prevents cerebellar developmental defects and improves long-term motor functions in murine models of neurofibromatosis type 1.,,"Three independent Cre transgenic strains under the control of hGFAP, Math1 and L7 promoters were utilized to target an Nf1 mutation into different cell lineages",0.9,Accept,Experimental Usage,L7-cre transgenic mice
PMID:25535838,10.7554/eLife.05151,Transient inhibition of the ERK pathway prevents cerebellar developmental defects and improves long-term motor functions in murine models of neurofibromatosis type 1.,,The control mice for Nf1 hGFAP CKO mice are a pool of phenotypically indistinguishable mice: hGFAP-cre-; Nf1 flox/flox,0.95,Accept,Experimental Usage,Nf1 flox/flox mice
PMID:25535838,10.7554/eLife.05151,Transient inhibition of the ERK pathway prevents cerebellar developmental defects and improves long-term motor functions in murine models of neurofibromatosis type 1.,,Tamoxifen inducible strain Nf1 NcreER CKO is described in later sections along with the tamoxifen administration protocol,0.9,Accept,Experimental Usage,Nestin-creER transgenic mice
PMID:25535838,10.7554/eLife.05151,Transient inhibition of the ERK pathway prevents cerebellar developmental defects and improves long-term motor functions in murine models of neurofibromatosis type 1.,,"The R26 LacZR allele was introduced to the control, Nf1 hGFAP CKO, Nf1 Math1 CKO, Nf1 L7 CKO and Nf1 NcreER CKO mice as a reporter",0.9,Accept,Experimental Usage,R26 LacZR reporter mice
PMID:40507334,10.3390/cancers17111852,Development of a Novel Biomarker Platform for Profiling Key Protein-Protein Interactions to Predict the Efficacy of BH3-Mimetic Drugs.,,"PRIMABs were generated following immunization with the immunogen in an emulsion mix with complete Freund's adjuvant into DiversimAb mice (Abveris Inc., Quincy, MA, USA).",0.85,Accept,Experimental Usage,DiversimAb mice
PMID:26190969,10.3389/fncel.2015.00234,"In vivo synaptic transmission and morphology in mouse models of Tuberous sclerosis, Fragile X syndrome, Neurofibromatosis type 1, and Costello syndrome.",,"Generation of the Fmr1 KO (Mientjes et al., 2006)...Calyces from both Tsc1(+/-) and from Fmr1 knock-out (KO) mice showed increased volume",0.85,Accept,Experimental Usage,Fmr1 KO mice
PMID:26190969,10.3389/fncel.2015.00234,"In vivo synaptic transmission and morphology in mouse models of Tuberous sclerosis, Fragile X syndrome, Neurofibromatosis type 1, and Costello syndrome.",,"Generation of the...Nf1 (+/- Jacks et al., 1994)...In MNTB principal neurons of Nf1 (+/-) mice the average delay between EPSPs and APs was slightly smaller",0.9,Accept,Experimental Usage,Nf1 (+/-) mice
PMID:26190969,10.3389/fncel.2015.00234,"In vivo synaptic transmission and morphology in mouse models of Tuberous sclerosis, Fragile X syndrome, Neurofibromatosis type 1, and Costello syndrome.",,"H-ras mice (G12V Schuhmacher et al., 2008) has been described previously",0.85,Accept,Experimental Usage,H-ras G12V mice
PMID:26190969,10.3389/fncel.2015.00234,"In vivo synaptic transmission and morphology in mouse models of Tuberous sclerosis, Fragile X syndrome, Neurofibromatosis type 1, and Costello syndrome.",,"Tsc1 animals were obtained by crossing the +/- Tsc1 line (f/+ Meikle et al., 2005)...Calyces from both Tsc1(+/-) and from Fmr1 knock-out (KO) mice showed increased volume",0.85,Accept,Experimental Usage,Tsc1 (+/-) mice
PMID:26190969,10.3389/fncel.2015.00234,"In vivo synaptic transmission and morphology in mouse models of Tuberous sclerosis, Fragile X syndrome, Neurofibromatosis type 1, and Costello syndrome.",,Animals were all backcrossed (for at least 10 times) and maintained in C57BL/6J (Harlan),0.8,Accept,Experimental Usage,C57BL/6J strain
PMID:25639352,10.1002/jbmr.2447,Neural Crest-Specific TSC1 Deletion in Mice Leads to Sclerotic Craniofacial Bone Lesion.,,"The floxed Tsc1 (Tsc1 flox/flox), P0-Cre (line A), Rosa 26 transgenic mice were described previously",0.9,Accept,Experimental Usage,Tsc1 flox/flox mice
PMID:25639352,10.1002/jbmr.2447,Neural Crest-Specific TSC1 Deletion in Mice Leads to Sclerotic Craniofacial Bone Lesion.,,Tsc1 flox/flox mice were mated with P0-Cre mice to generate Tsc1 flox/flox;P0-Cre mice,0.9,Accept,Experimental Usage,P0-Cre mice
PMID:25639352,10.1002/jbmr.2447,Neural Crest-Specific TSC1 Deletion in Mice Leads to Sclerotic Craniofacial Bone Lesion.,,"The floxed Tsc1 (Tsc1 flox/flox), P0-Cre (line A), Rosa 26 transgenic mice were described previously",0.9,Accept,Experimental Usage,Rosa 26 transgenic mice
PMID:18188004,10.4161/epi.3.1.5469,Real-time PCR analysis of candidate imprinted genes on mouse chromosome 11 shows balanced expression from the maternal and paternal chromosomes and strain-specific variation in expression levels.,,"To generate B6 paternal F1 hybrids on a B6XA background, we crossed B6-Nf1−/+;Trp53−/+cis males to wild-type A/J females.",0.9,Accept,Experimental Usage,B6-Nf1−/+;Trp53−/+cis
PMID:18188004,10.4161/epi.3.1.5469,Real-time PCR analysis of candidate imprinted genes on mouse chromosome 11 shows balanced expression from the maternal and paternal chromosomes and strain-specific variation in expression levels.,,"To generate B6X129S4 F1 hybrids, 129S4-Nf1−/+;Trp53−/+cis mice were crossed to wild-type B6.",0.9,Accept,Experimental Usage,129S4-Nf1−/+;Trp53−/+cis
PMID:18188004,10.4161/epi.3.1.5469,Real-time PCR analysis of candidate imprinted genes on mouse chromosome 11 shows balanced expression from the maternal and paternal chromosomes and strain-specific variation in expression levels.,,"We purchased wild-type A/J from Jackson Laboratory (Bar Harbor, ME)",0.85,Accept,Experimental Usage,A/J
PMID:18188004,10.4161/epi.3.1.5469,Real-time PCR analysis of candidate imprinted genes on mouse chromosome 11 shows balanced expression from the maternal and paternal chromosomes and strain-specific variation in expression levels.,,The B6-Nf1−/+;Trp53−/+cis we used to generate the B6XA/J F1 hybrids have been backcrossed approximately 30 generations onto C57BL/6J.,0.85,Accept,Experimental Usage,C57BL/6J
PMID:18188004,10.4161/epi.3.1.5469,Real-time PCR analysis of candidate imprinted genes on mouse chromosome 11 shows balanced expression from the maternal and paternal chromosomes and strain-specific variation in expression levels.,,The 129S4-Nf1−/+;Trp53−/+cis we used to generate the F1 hybrids have been maintained on inbred 129S4 since the generation of the knockout Nf1 and Trp53 alleles.,0.85,Accept,Experimental Usage,129S4
PMID:22811580,10.1158/1078-0432.CCR-12-1072,Ras-driven transcriptome analysis identifies aurora kinase A as a potential malignant peripheral nerve sheath tumor therapeutic target.,,"we created a transgenic mouse model, CNP-HRas12V, expressing constitutively active HRas in Schwann cells",0.95,Accept,Development,CNP-HRas12V
PMID:32193437,10.1038/s41598-020-61251-4,Longitudinal phenotype development in a minipig model of neurofibromatosis type 1.,,"...we studied a NF1 minipig model (NF1+/ex42del) and 4 littermate wildtypes, were systematically imaged at 4-, 8-, and 12-months of age...",0.95,Accept,Experimental Usage,NF1+/ex42del minipig model
PMID:32193437,10.1038/s41598-020-61251-4,Longitudinal phenotype development in a minipig model of neurofibromatosis type 1.,,"12 Yucatan minipigs (6 female, 6 male), 8 heterozygous for NF1 (NF1+/ex42del) and 4 littermate wildtypes...",0.9,Accept,Experimental Usage,Yucatan minipigs
PMID:21980365,10.1371/journal.pone.0024917,The haploinsufficient hematopoietic microenvironment is critical to the pathological fracture repair in murine models of neurofibromatosis type 1.,,"Nf1+/− mice were obtained from Dr. Tyler Jacks at the Massachusetts Institute of Technology (Cambridge, MA)",0.9,Accept,Experimental Usage,Nf1+/− mice
PMID:21980365,10.1371/journal.pone.0024917,The haploinsufficient hematopoietic microenvironment is critical to the pathological fracture repair in murine models of neurofibromatosis type 1.,,Nf1flox/flox mice were provided by Dr. Luis Parada at the University of Texas Southwestern Medical Center,0.9,Accept,Experimental Usage,Nf1flox/flox mice
PMID:21980365,10.1371/journal.pone.0024917,The haploinsufficient hematopoietic microenvironment is critical to the pathological fracture repair in murine models of neurofibromatosis type 1.,,3.9kb (peri-EGFP/Cre PeriCre) transgenic mice were generated as described elsewhere,0.85,Accept,Experimental Usage,PeriCre transgenic mice
PMID:21980365,10.1371/journal.pone.0024917,The haploinsufficient hematopoietic microenvironment is critical to the pathological fracture repair in murine models of neurofibromatosis type 1.,,Col2.3Cre transgenic mice were generated as described elsewhere,0.85,Accept,Experimental Usage,Col2.3Cre transgenic mice
PMID:21980365,10.1371/journal.pone.0024917,The haploinsufficient hematopoietic microenvironment is critical to the pathological fracture repair in murine models of neurofibromatosis type 1.,,adult PeriCre transgenic mice were crossed with ROSA26 reporter mice,0.8,Accept,Experimental Usage,ROSA26 reporter mice
PMID:21980365,10.1371/journal.pone.0024917,The haploinsufficient hematopoietic microenvironment is critical to the pathological fracture repair in murine models of neurofibromatosis type 1.,,"The C57BL/6-TgN(ACTbEGFP) 1Osb transgenic mouse line was obtained from Jackson Laboratory, Bar Harbor, Maine",0.9,Accept,Experimental Usage,C57BL/6-TgN(ACTbEGFP) 1Osb transgenic mouse line
PMID:24786638,10.1016/j.ygyno.2014.04.044,Analyses of merlin/NF2 connection to FAK inhibitor responsiveness in serous ovarian cancer.,,Female C57Bl6 TgMISIIR-TAg-low mice were housed in pathogen-free conditions according to Association for the Assessment and Accreditation for Laboratory Animal Care guidelines,0.95,Accept,Experimental Usage,C57Bl6 TgMISIIR-TAg-low mice
PMID:24997609,10.1038/nm.3583,"Asfotase-α improves bone growth, mineralization and strength in mouse models of neurofibromatosis type-1.",,WT and Col2-Nf1 KO mice were generated by crossing Nf1 flox/flox mice and Nf1 flox/+; α1(II) collagen-Cre breeders,0.9,Accept,Experimental Usage,Nf1 flox/flox mice
PMID:24997609,10.1038/nm.3583,"Asfotase-α improves bone growth, mineralization and strength in mouse models of neurofibromatosis type-1.",,WT and Col2-Nf1 KO mice were generated by crossing Nf1 flox/flox mice and Nf1 flox/+; α1(II) collagen-Cre breeders,0.9,Accept,Experimental Usage,α1(II) collagen-Cre mice
PMID:24997609,10.1038/nm.3583,"Asfotase-α improves bone growth, mineralization and strength in mouse models of neurofibromatosis type-1.",,Osx-Nf1 KO mice were generated by breeding doxycycline-fed Osx-cre; Nf1 flox/flox mice with Nf1 flox/flox breeders,0.9,Accept,Experimental Usage,Osx-cre mice
PMID:24997609,10.1038/nm.3583,"Asfotase-α improves bone growth, mineralization and strength in mouse models of neurofibromatosis type-1.",,The dose of 8.2 mg.kg−1 per day was selected because it was previously shown to be efficacious in short-term (16 days) efficacy study in Akp2−/− mice,0.85,Accept,Citation Only,Akp2−/− mice
PMID:21157378,10.1097/NEN.0b013e3182032d37,Neurofibromatosis-1 heterozygosity increases microglia in a spatially and temporally restricted pattern relevant to mouse optic glioma formation and growth.,,"Nf1+/-GFAP CKO (Nf1flox/-; GFAP-Cre), Nf1+/-GFAP CKO-TK (Nf1flox/-; GFAP-Cre; CD11b-TK), CD11b-TK mice were all maintained on a C57BL/6 background",0.9,Accept,Experimental Usage,Nf1+/-GFAP CKO mice
PMID:21157378,10.1097/NEN.0b013e3182032d37,Neurofibromatosis-1 heterozygosity increases microglia in a spatially and temporally restricted pattern relevant to mouse optic glioma formation and growth.,,"we used CD11b-TK mice, in which resident brain microglia (CD11b+, CD68+, Iba1+, CD45low cells) can be ablated at specific times after ganciclovir administration",0.9,Accept,Experimental Usage,CD11b-TK mice
PMID:21157378,10.1097/NEN.0b013e3182032d37,Neurofibromatosis-1 heterozygosity increases microglia in a spatially and temporally restricted pattern relevant to mouse optic glioma formation and growth.,,"(Cx3cr1+/GFP23), wild type (WT) and Nf1+/-;Cx3cr1+/GFP mice were all maintained on a C57BL/6 background",0.9,Accept,Experimental Usage,Cx3cr1+/GFP mice
PMID:21157378,10.1097/NEN.0b013e3182032d37,Neurofibromatosis-1 heterozygosity increases microglia in a spatially and temporally restricted pattern relevant to mouse optic glioma formation and growth.,,wild type (WT) and Nf1+/-;Cx3cr1+/GFP mice were all maintained on a C57BL/6 background. The Nf1+/- optic gliomas lack the Rosenthal fibers,0.85,Accept,Experimental Usage,Nf1+/- mice
PMID:18984165,10.1016/j.cell.2008.09.060,Neurofibromin regulation of ERK signaling modulates GABA release and learning.,,Studies with Nf1 +/− mice were performed in 129T2/SvEmsJ-C57BL/6 F1 hybrids generated. WT littermates were used as controls.,0.9,Accept,Experimental Usage,Nf1+/- mice
PMID:18984165,10.1016/j.cell.2008.09.060,Neurofibromin regulation of ERK signaling modulates GABA release and learning.,,Studies with Nf1 +/− mice were performed in 129T2/SvEmsJ-C57BL/6 F1 hybrids generated.,0.85,Accept,Experimental Usage,129T2/SvEmsJ-C57BL/6 F1 hybrids
PMID:18984165,10.1016/j.cell.2008.09.060,Neurofibromin regulation of ERK signaling modulates GABA release and learning.,,"F1 progeny from a cross between the GFAP+/− Nf1 and the cell-type specific Cre mice (floxed/+ synapsin 1-Cre, GFAP-Cre, αCaMKII-Cre, and Dlx5/6-Cre",0.9,Accept,Experimental Usage,synapsin 1-Cre mice
PMID:18984165,10.1016/j.cell.2008.09.060,Neurofibromin regulation of ERK signaling modulates GABA release and learning.,,"F1 progeny from a cross between the GFAP+/− Nf1 and the cell-type specific Cre mice (floxed/+ synapsin 1-Cre, GFAP-Cre, αCaMKII-Cre, and Dlx5/6-Cre",0.9,Accept,Experimental Usage,GFAP-Cre mice
PMID:18984165,10.1016/j.cell.2008.09.060,Neurofibromin regulation of ERK signaling modulates GABA release and learning.,,"F1 progeny from a cross between the GFAP+/− Nf1 and the cell-type specific Cre mice (floxed/+ synapsin 1-Cre, GFAP-Cre, αCaMKII-Cre, and Dlx5/6-Cre",0.9,Accept,Experimental Usage,αCaMKII-Cre mice
PMID:18984165,10.1016/j.cell.2008.09.060,Neurofibromin regulation of ERK signaling modulates GABA release and learning.,,"F1 progeny from a cross between the GFAP+/− Nf1 and the cell-type specific Cre mice (floxed/+ synapsin 1-Cre, GFAP-Cre, αCaMKII-Cre, and Dlx5/6-Cre",0.9,Accept,Experimental Usage,Dlx5/6-Cre mice
PMID:25877069,10.1007/s11626-015-9885-z,Establishment of immortalized murine mesothelial cells and a novel mesothelioma cell line.,,"We generated SV40-immortalized cell lines derived from wild-type (WT) and neurofibromatosis 2 (merlin) heterozygote (Nf2+/-) mice, both on a commonly used genetic background, C57Bl/6J.",0.85,Accept,Experimental Usage,Nf2+/- mice
PMID:25877069,10.1007/s11626-015-9885-z,Establishment of immortalized murine mesothelial cells and a novel mesothelioma cell line.,,"both on a commonly used genetic background, C57Bl/6J. All immortalized mesothelial clones consistently grow in DMEM supplemented with fetal bovine serum.",0.9,Accept,Experimental Usage,C57Bl/6J
PMID:18632626,10.1158/0008-5472.CAN-08-0190,Merlin is a potent inhibitor of glioma growth.,,"1 × 10 6 glioma cells were injected into each immunocompromised B6.129S7-Rag1 tmMom (Rag1, Jackson Laboratories) mouse",0.9,Accept,Experimental Usage,B6.129S7-Rag1 tmMom
PMID:37817770,10.3389/fonc.2023.1253659,Single-cell RNA sequencing of neurofibromas reveals a tumor microenvironment favorable for neural regeneration and immune suppression in a neurofibromatosis type 1 porcine model.,,...3.83-year-old male NF1 pig harboring an NF1 exon a31 excision producing an alternatively spliced NF1 allele...,0.85,Accept,Experimental Usage,NF1 porcine model
PMID:16524466,10.1186/1471-2202-7-22,Cognitive dysfunction in NF1 knock-out mice may result from altered vesicular trafficking of APP/DRD3 complex.,,"Nf1 +/- mice were purchased from Jackson Laboratory (symbol Nf1 ) [ tm 1 Fcr 22 ]. Breeder pairs were allowed to mate, and offspring were collected at postnatal days 10, 15, and 20.",0.95,Accept,Experimental Usage,Nf1+/- mice (Jackson Laboratory symbol Nf1tm1Fcr)
PMID:25433207,10.1016/j.ydbio.2014.11.017,Nf2-Yap signaling controls the expansion of DRG progenitors and glia during DRG development.,,"The TetO-YAP line (Camargo et al., 2007) was provided by Thijn R. Brummelkamp and Fernando D. Camargo",0.9,Accept,Experimental Usage,TetO-YAP line
PMID:25433207,10.1016/j.ydbio.2014.11.017,Nf2-Yap signaling controls the expansion of DRG progenitors and glia during DRG development.,,"Sox10-rtTA line (Ludwig et al., 2004) was a gift from Michael Wegner",0.9,Accept,Experimental Usage,Sox10-rtTA line
PMID:25433207,10.1016/j.ydbio.2014.11.017,Nf2-Yap signaling controls the expansion of DRG progenitors and glia during DRG development.,,Wnt1-Cre (Stock No: 007807) and Axin2-rtTA (Stock No: 016997) lines were obtained from the Jackson Laboratory,0.9,Accept,Experimental Usage,Wnt1-Cre
PMID:25433207,10.1016/j.ydbio.2014.11.017,Nf2-Yap signaling controls the expansion of DRG progenitors and glia during DRG development.,,Wnt1-Cre (Stock No: 007807) and Axin2-rtTA (Stock No: 016997) lines were obtained from the Jackson Laboratory,0.9,Accept,Experimental Usage,Axin2-rtTA
PMID:25433207,10.1016/j.ydbio.2014.11.017,Nf2-Yap signaling controls the expansion of DRG progenitors and glia during DRG development.,,"The Yap line (Flox/Flox Xin et al., 2011) was provided by Eric N. Olson",0.9,Accept,Experimental Usage,Yap Flox/Flox line
PMID:25433207,10.1016/j.ydbio.2014.11.017,Nf2-Yap signaling controls the expansion of DRG progenitors and glia during DRG development.,,"The Nf2 line has been described previously (Flox/Flox Giovannini et al., 2000)",0.95,Accept,Experimental Usage,Nf2 Flox/Flox line
PMID:25433207,10.1016/j.ydbio.2014.11.017,Nf2-Yap signaling controls the expansion of DRG progenitors and glia during DRG development.,,"An Nf2 allele was generated by breeding Δ Nf2 mice with the Flox/Flox Ella-Cre line (Stock No: 003724, Jackson Laboratory)",0.9,Accept,Experimental Usage,Ella-Cre line
PMID:28065690,10.1016/j.biochi.2017.01.001,Medium throughput biochemical compound screening identifies novel agents for pharmacotherapy of neurofibromatosis type 1.,,Female 6–7 weeks old nu/nu immunodeficient mice were injected subcutaneously with 10^7 S462TY cells,0.9,Accept,Experimental Usage,nu/nu immunodeficient mice
PMID:19427294,10.1016/j.stem.2009.03.017,Cell of origin and microenvironment contribution for NF1-associated dermal neurofibromas.,,The Nf1 flox/- mice are in a mixed genetic background of C57BL/6/ Sv129 and have been described previously,0.9,Accept,Experimental Usage,Nf1 flox/- mice
PMID:19427294,10.1016/j.stem.2009.03.017,Cell of origin and microenvironment contribution for NF1-associated dermal neurofibromas.,,"For conditional ablation of Nf1, we used a tamoxifen-inducible Cre line, the CMV-CreERT transgenic mice",0.9,Accept,Experimental Usage,CMV-CreERT transgenic mice
PMID:19427294,10.1016/j.stem.2009.03.017,Cell of origin and microenvironment contribution for NF1-associated dermal neurofibromas.,,"The LacZ reporter mice, ROSA26 (Soriano, 1999), were obtained from the Jackson Laboratories",0.85,Accept,Experimental Usage,ROSA26
PMID:33279959,10.1093/brain/awaa404,"Stepwise crosstalk between aberrant Nf1, Tp53 and Rb signalling pathways induces gliomagenesis in zebrafish.",,The wild-type zebrafish line (AB strain) and Tg(gfap:GFP) transgenic fish were obtained from the China Zebrafish Resource Center,0.9,Accept,Experimental Usage,AB strain
PMID:33279959,10.1093/brain/awaa404,"Stepwise crosstalk between aberrant Nf1, Tp53 and Rb signalling pathways induces gliomagenesis in zebrafish.",,"The wild-type zebrafish line (AB strain) and Tg(gfap:GFP) transgenic fish (Bernardos and Raymond, 2006) were obtained from the China Zebrafish Resource Center",0.95,Accept,Experimental Usage,Tg(gfap:GFP)
PMID:19041782,10.1016/j.stem.2008.10.003,Nf1 mutation expands an EGFR-dependent peripheral nerve progenitor that confers neurofibroma tumorigenic potential.,,"We mated Nf1 +/− C57Bl/6 females ( Brannan et al., 1994 ) with Nf1 129X1/SvJ +/− Nf1 males",0.85,Accept,Experimental Usage,Nf1+/- C57Bl/6 females
PMID:19041782,10.1016/j.stem.2008.10.003,Nf1 mutation expands an EGFR-dependent peripheral nerve progenitor that confers neurofibroma tumorigenic potential.,,"We mated Nf1 +/− C57Bl/6 females ( Brannan et al., 1994 ) with Nf1 129X1/SvJ +/− Nf1 males (Jackson; Bar Harbor, ME)",0.85,Accept,Experimental Usage,Nf1 129X1/SvJ +/− males
PMID:19041782,10.1016/j.stem.2008.10.003,Nf1 mutation expands an EGFR-dependent peripheral nerve progenitor that confers neurofibroma tumorigenic potential.,,"+/− DhhCre;Nf1 mice were generated as described ( fl/fl Wu et al., 2008 )",0.9,Accept,Experimental Usage,DhhCre;Nf1fl/fl mice
PMID:19041782,10.1016/j.stem.2008.10.003,Nf1 mutation expands an EGFR-dependent peripheral nerve progenitor that confers neurofibroma tumorigenic potential.,,We anaesthetized athymic nu/nu mice in isoflurane and subcutaneously injected 1–4.5 × 10 5 mouse or human sphere cells,0.85,Accept,Experimental Usage,athymic nu/nu mice
PMID:38900740,10.1371/journal.pone.0301040,Revisiting the NPcis mouse model: A new tool to model plexiform neurofibroma.,,The NPcis mouse model developed a malignant version of neurofibroma called malignant peripheral nerve sheath tumor (MPNST) within 3 to 6 months,0.95,Accept,Experimental Usage,NPcis mouse model
PMID:38900740,10.1371/journal.pone.0301040,Revisiting the NPcis mouse model: A new tool to model plexiform neurofibroma.,,NPcis and Hoxb7-cre Nf1 f/f mice were rederived on C57bl/6 background,0.9,Accept,Experimental Usage,Hoxb7-cre Nf1 f/f mice
PMID:38900740,10.1371/journal.pone.0301040,Revisiting the NPcis mouse model: A new tool to model plexiform neurofibroma.,,NPcis and Hoxb7-cre Nf1 f/f mice were rederived on C57bl/6 background,0.85,Accept,Experimental Usage,C57bl/6 background
PMID:32245042,10.3390/genes11030331,Kinome Profiling of NF1-Related MPNSTs in Response to Kinase Inhibition and Doxorubicin Reveals Therapeutic Vulnerabilities.,,15–25 mg portions of each tumor were transplanted into the flank of NSG-SCID mice using a 10 gauge trochar,0.85,Accept,Experimental Usage,NSG-SCID mice
PMID:19306381,10.1002/glia.20866,Neuregulin-1 beta and neuregulin-1 alpha differentially affect the migration and invasion of malignant peripheral nerve sheath tumor cells.,,"The murine A202, B76 and B97 cell lines were established from MPNSTs arising in P 0 -GGFβ3 mice",0.85,Accept,Experimental Usage,P0-GGFβ3 mice
PMID:19306381,10.1002/glia.20866,Neuregulin-1 beta and neuregulin-1 alpha differentially affect the migration and invasion of malignant peripheral nerve sheath tumor cells.,,Wild-type murine Schwann cell cultures were prepared from the sciatic nerves of adult C57BL/6 mice,0.8,Accept,Experimental Usage,C57BL/6 mice
PMID:24686726,10.1038/oncsis.2014.10,Activation of Sonic hedgehog signaling in neural progenitor cells promotes glioma development in the zebrafish optic pathway.,,"AB and Tg(UAS-E1b:nfsB-mCherry) c264 strains were acquired from the Zebrafish International Resource Center (ZIRC, Eugene, OR, USA)",0.85,Accept,Experimental Usage,AB zebrafish strain
PMID:24686726,10.1038/oncsis.2014.10,Activation of Sonic hedgehog signaling in neural progenitor cells promotes glioma development in the zebrafish optic pathway.,,"AB and Tg(UAS-E1b:nfsB-mCherry) c264 strains were acquired from the Zebrafish International Resource Center (ZIRC, Eugene, OR, USA)",0.9,Accept,Experimental Usage,Tg(UAS-E1b:nfsB-mCherry) c264
PMID:18931645,10.1097/MAO.0b013e31818b6cea,Bioluminescent imaging of intracranial vestibular schwannoma xenografts in NOD/SCID mice.,,"Female nonobese diabetic/severe combined immunodeficient (SCID) mice (Jackson Laboratories, Bar Harbor, MN, USA), 6 to 8 weeks of age, were used for schwannoma xenograft experiments",0.9,Accept,Experimental Usage,NOD/SCID mice
PMID:41616055,10.1126/sciadv.ady8382,Inhibition of focal adhesion kinase impairs tumor formation and preserves hearing in a murine model of NF2-related schwannomatosis.,,Nf2 mice were generated in our laboratory as previously described (flox/flox ;Postn-Cre + (Nf2)),0.9,Accept,Experimental Usage,Nf2 flox/flox mice
PMID:41616055,10.1126/sciadv.ady8382,Inhibition of focal adhesion kinase impairs tumor formation and preserves hearing in a murine model of NF2-related schwannomatosis.,,"FAK flox mice were purchased through the Jackson Laboratory (strain #: 031956, RRID:IMSR_JAX:031956)",0.9,Accept,Experimental Usage,FAK flox mice
PMID:41616055,10.1126/sciadv.ady8382,Inhibition of focal adhesion kinase impairs tumor formation and preserves hearing in a murine model of NF2-related schwannomatosis.,,Nf2 flox/flox ;Postn-Cre + (Nf2). FAK flox mice were purchased through the Jackson Laboratory,0.9,Accept,Experimental Usage,Postn-Cre mice
PMID:29590612,10.1016/j.celrep.2018.03.014,A Conserved Circadian Function for the Neurofibromatosis 1 Gene.,,Brainstem astrocytes obtained from Nf1 flox/flox mouse pups (postnatal days 1–2) were infected with adenovirus,0.9,Accept,Experimental Usage,Nf1 flox/flox mouse
PMID:17216419,10.1007/s10048-006-0078-5,Nf1 expression is dependent on strain background: implications for tumor suppressor haploinsufficiency studies.,,NPcis mice on the C57BL/6J background were backcrossed greater than 20 generations. NPcis mice on the 129S4/SvJae background were maintained as inbred,0.9,Accept,Experimental Usage,NPcis mice
PMID:17216419,10.1007/s10048-006-0078-5,Nf1 expression is dependent on strain background: implications for tumor suppressor haploinsufficiency studies.,,NPcis mice on the C57BL/6J background were backcrossed greater than 20 generations,0.85,Accept,Experimental Usage,C57BL/6J
PMID:17216419,10.1007/s10048-006-0078-5,Nf1 expression is dependent on strain background: implications for tumor suppressor haploinsufficiency studies.,,NPcis mice on the 129S4/SvJae background were maintained as inbred from the time of generating the mutant Nf1 and Trp53 allele,0.85,Accept,Experimental Usage,129S4/SvJae
PMID:16314489,10.1242/dev.02162,Inactivation of NF1 in CNS causes increased glial progenitor proliferation and optic glioma formation.,,"Control mice used in this study are the pool of phenotypically indistinguishable mice with genotypes Nf1flox/flox, Nf1flox/+ and Nf1flox/+; hGFAP-cre+",0.9,Accept,Experimental Usage,Nf1flox/flox mice
PMID:16314489,10.1242/dev.02162,Inactivation of NF1 in CNS causes increased glial progenitor proliferation and optic glioma formation.,,The mutant mice designated Nf1 include both hGFAP KO Nf1flox/−; hGFAP-cre+ and Nf1flox/flox; hGFAP-cre+,0.9,Accept,Experimental Usage,hGFAP-cre transgenic mice
PMID:18671844,10.1186/1741-7015-6-21,Modelling neurofibromatosis type 1 tibial dysplasia and its treatment with lovastatin.,,Mice with conditionally inactivated neurofibromin (Nf1) in the developing limbs and cranium (Nf1Prx1) show bowing of the tibia caused by decreased bone mineralisation,0.95,Accept,Experimental Usage,Nf1Prx1 mice
PMID:18671844,10.1186/1741-7015-6-21,Modelling neurofibromatosis type 1 tibial dysplasia and its treatment with lovastatin.,,The Nf1flox and Prx1Cre lines were maintained by continuous backcrossing to wild-type C57BL/6J mice to minimise genetic drift,0.9,Accept,Experimental Usage,Nf1flox mice
PMID:18671844,10.1186/1741-7015-6-21,Modelling neurofibromatosis type 1 tibial dysplasia and its treatment with lovastatin.,,The female Nf1flox mice were crossed to male Nf1flox heterozygous Prx1-Cre positive males,0.9,Accept,Experimental Usage,Prx1Cre mice
PMID:18671844,10.1186/1741-7015-6-21,Modelling neurofibromatosis type 1 tibial dysplasia and its treatment with lovastatin.,,The Nf1flox and Prx1Cre lines were maintained by continuous backcrossing to wild-type C57BL/6J mice to minimise genetic drift,0.85,Accept,Experimental Usage,C57BL/6J mice
PMID:18984156,10.1016/j.cell.2008.08.041,Nf1-dependent tumors require a microenvironment containing Nf1+/-- and c-kit-dependent bone marrow.,,"The Krox20;Nf1flox/flox mice and Krox20;Nf1flox/− mice have been previously described (Zhu et al., 2002).",0.9,Accept,Experimental Usage,Krox20;Nf1flox/flox mice
PMID:18984156,10.1016/j.cell.2008.08.041,Nf1-dependent tumors require a microenvironment containing Nf1+/-- and c-kit-dependent bone marrow.,,"The Krox20;Nf1flox/flox mice and Krox20;Nf1flox/− mice have been previously described (Zhu et al., 2002).",0.9,Accept,Experimental Usage,Krox20;Nf1flox/− mice
PMID:18984156,10.1016/j.cell.2008.08.041,Nf1-dependent tumors require a microenvironment containing Nf1+/-- and c-kit-dependent bone marrow.,,"The C57BL/6-TgN(ACTbEGFP)1Osb mice were obtained from Jackson Laboratory, Bar Harbor, ME.",0.95,Accept,Experimental Usage,C57BL/6-TgN(ACTbEGFP)1Osb mice
