publicationId,pmid,doi,publicationTitle,abstract,journal,publicationDate,citation,publicationDateUnix,authors,_source
9fc6aaed-e484-49fe-b5e3-981a82b5892f,31527226,,"Ketotifen Modulates Mast Cell Chemotaxis to Kit-Ligand, but Does Not Impact Mast Cell Numbers, Degranulation, or Tumor Behavior in Neurofibromas of Nf1-Deficient Mice.",,,,,,,AI validation - Sonnet 4.5
e86d2dd3-5c59-423e-b289-b7426b59a062,PMID:10591653,,Mouse tumor model for neurofibromatosis type 1.,,,,,,,AI validation - Sonnet 4.5
973427c3-d115-4189-b8b5-36cc27743a22,PMID:10887156,,Conditional biallelic Nf2 mutation in the mouse promotes manifestations of human neurofibromatosis type 2.,,,,,,,AI validation - Sonnet 4.5
4446a3a1-a34e-4df3-87bc-46e53c717368,PMID:11080503,,Neurofibromin GTPase-activating protein-related domains restore normal growth in Nf1-/- cells.,,,,,,,AI validation - Sonnet 4.5
7477bc86-4cb7-47d5-8c52-4f1e847f916a,PMID:11404331,,A systematic screen for dominant second-site modifiers of Merlin/NF2 phenotypes reveals an interaction with blistered/DSRF and scribbler.,,,,,,,AI validation - Sonnet 4.5
7fd839c4-faea-48aa-9f53-4166a523b6b7,PMID:1605307,,Adrenal medullary tumors and iris proliferation in a transgenic mouse model of neurofibromatosis.,,,,,,,AI validation - Sonnet 4.5
d1473ac8-c762-472e-a858-402c3cfefe23,PMID:16093333,,Sensory neurons from Nf1 haploinsufficient mice exhibit increased excitability.,,,,,,,AI validation - Sonnet 4.5
ecb966bd-5aca-42d2-90cd-d15f9c4c8d0f,PMID:16226708,,Therapy-induced malignant neoplasms in Nf1 mutant mice.,,,,,,,AI validation - Sonnet 4.5
0960e97c-b452-4d74-a47b-222a7870f261,PMID:16314489,,Inactivation of NF1 in CNS causes increased glial progenitor proliferation and optic glioma formation.,,,,,,,AI validation - Sonnet 4.5
0a21d7bd-076b-4b99-b49f-fd90bc93b312,PMID:16524466,,Cognitive dysfunction in NF1 knock-out mice may result from altered vesicular trafficking of APP/DRD3 complex.,,,,,,,AI validation - Sonnet 4.5
6ee48b6a-5d8a-428d-bac7-00258d0fe659,PMID:16835260,,Nf1+/- mast cells induce neurofibroma like phenotypes through secreted TGF-beta signaling.,,,,,,,AI validation - Sonnet 4.5
67619ebd-dab2-4aba-a022-d1f376eab725,PMID:16906226,,The neurofibromin GAP-related domain rescues endothelial but not neural crest development in Nf1 mice.,,,,,,,AI validation - Sonnet 4.5
efefe17c-231f-4be1-93a9-1dcb128bd518,PMID:17053831,,Hyperactivation of p21ras and PI3K cooperate to alter murine and human neurofibromatosis type 1-haploinsufficient osteoclast functions.,,,,,,,AI validation - Sonnet 4.5
aa6358a1-29b4-41cf-a40a-81804fc09382,PMID:17090653,,Beta common receptor inactivation attenuates myeloproliferative disease in Nf1 mutant mice.,,,,,,,AI validation - Sonnet 4.5
a569eb4d-c4b0-4ee7-b789-0ded3cfcb170,PMID:17216419,,Nf1 expression is dependent on strain background: implications for tumor suppressor haploinsufficiency studies.,,,,,,,AI validation - Sonnet 4.5
8831e1ca-6e52-4840-9548-dcf439454eb9,PMID:17581973,,Distinct functional domains of neurofibromatosis type 1 regulate immediate versus long-term memory formation.,,,,,,,AI validation - Sonnet 4.5
9c1aa4d1-74a7-45ff-8349-19a03025899c,PMID:17924978,,Natural history of meningioma development in mice reveals: a synergy of Nf2 and p16(Ink4a) mutations.,,,,,,,AI validation - Sonnet 4.5
63297cb4-a59e-4147-9c88-b8cb8a2da0d1,PMID:18188004,,Real-time PCR analysis of candidate imprinted genes on mouse chromosome 11 shows balanced expression from the maternal and paternal chromosomes and strain-specific variation in expression levels.,,,,,,,AI validation - Sonnet 4.5
0bfeb1f1-93f3-40ad-acb6-fa0cb4b1eab7,PMID:18242512,,Induction of abnormal proliferation by nonmyelinating schwann cells triggers neurofibroma formation.,,,,,,,AI validation - Sonnet 4.5
6b7667ab-4458-4de3-8a73-5dcbf0124799,PMID:18242513,,The loss of Nf1 transiently promotes self-renewal but not tumorigenesis by neural crest stem cells.,,,,,,,AI validation - Sonnet 4.5
56cbd327-0605-41cd-bce1-f8d1bae9ea8a,PMID:18272679,,Neurofibromin is required for barrel formation in the mouse somatosensory cortex.,,,,,,,AI validation - Sonnet 4.5
95046426-bd23-4bf3-bdb3-5f6bf9b7d173,PMID:18371380,,Neurofibromatosis-1 regulates neuronal and glial cell differentiation from neuroglial progenitors in vivo by both cAMP- and Ras-dependent mechanisms.,,,,,,,AI validation - Sonnet 4.5
09581fe0-a8ad-42d7-b497-5a9bf3fef7ca,PMID:18442999,,Nf1+/- mice have increased neointima formation via hyperactivation of a Gleevec sensitive molecular pathway.,,,,,,,AI validation - Sonnet 4.5
c4068894-3a3b-4b4f-88ae-cd0300b53015,PMID:18503770,,The pathological splicing mutation c.6792C>G in NF1 exon 37 causes a change of tenancy between antagonistic splicing factors.,,,,,,,AI validation - Sonnet 4.5
f6303c0d-c162-44da-84e1-6c8f7542949e,PMID:18614544,,Neurofibromin regulates somatic growth through the hypothalamic-pituitary axis.,,,,,,,AI validation - Sonnet 4.5
29dde3ee-06d7-4cd0-ad64-3906094dcdd9,PMID:18671844,,Modelling neurofibromatosis type 1 tibial dysplasia and its treatment with lovastatin.,,,,,,,AI validation - Sonnet 4.5
c84d845c-7da9-411f-b91c-0ac0d4a1a242,PMID:18768391,,Pak1 regulates multiple c-Kit mediated Ras-MAPK gain-in-function phenotypes in Nf1+/- mast cells.,,,,,,,AI validation - Sonnet 4.5
58b7bdbd-d7e0-4e45-bce2-61dc0a4f5e10,PMID:18800150,,Mechanisms of loss of heterozygosity in neurofibromatosis type 1-associated plexiform neurofibromas.,,,,,,,AI validation - Sonnet 4.5
94c0482f-e11e-4957-9724-e665d9918c12,PMID:18923024,,Tumor suppressor schwannomin/merlin is critical for the organization of Schwann cell contacts in peripheral nerves.,,,,,,,AI validation - Sonnet 4.5
3ba78a5a-77a9-480a-a2c1-546aaeb98878,PMID:18931645,,Bioluminescent imaging of intracranial vestibular schwannoma xenografts in NOD/SCID mice.,,,,,,,AI validation - Sonnet 4.5
af69ecfb-4ead-4b14-af3f-42e0404b7b01,PMID:18953430,,Tissue-specific ablation of Prkar1a causes schwannomas by suppressing neurofibromatosis protein production.,,,,,,,AI validation - Sonnet 4.5
b38e547b-c4c6-4023-983a-96022dd72951,PMID:18984156,,Nf1-dependent tumors require a microenvironment containing Nf1+/-- and c-kit-dependent bone marrow.,,,,,,,AI validation - Sonnet 4.5
8130278f-ee05-42ec-ac40-b1820fb8c807,PMID:18984165,,Neurofibromin regulation of ERK signaling modulates GABA release and learning.,,,,,,,AI validation - Sonnet 4.5
ea403dd8-7296-4519-9262-57d99b091a17,PMID:19041782,,Nf1 mutation expands an EGFR-dependent peripheral nerve progenitor that confers neurofibroma tumorigenic potential.,,,,,,,AI validation - Sonnet 4.5
712d5ad4-3f18-4e0c-a90c-8a5af49224e7,PMID:19103750,,"The neurofibromatosis 2 protein, merlin, regulates glial cell growth in an ErbB2- and Src-dependent manner.",,,,,,,AI validation - Sonnet 4.5
3656c7a1-dff9-4bdf-95af-e2df74517f0c,PMID:19191334,,Microarray analyses reveal regional astrocyte heterogeneity with implications for neurofibromatosis type 1 (NF1)-regulated glial proliferation.,,,,,,,AI validation - Sonnet 4.5
b35986dc-fe4d-4d9c-9196-2d82dfa23660,PMID:19451225,,"NF2/merlin is a novel negative regulator of mTOR complex 1, and activation of mTORC1 is associated with meningioma and schwannoma growth.",,,,,,,AI validation - Sonnet 4.5
ed941d02-09ef-48a5-9e8f-2dd3b41fe4d7,PMID:19710506,,Nf1 deficiency cooperates with oncogenic K-RAS to induce acute myeloid leukemia in mice.,,,,,,,AI validation - Sonnet 4.5
b2a769f9-a4f4-42f1-911d-c06ac2e4175c,PMID:19846776,,PTEN dosage is essential for neurofibroma development and malignant transformation.,,,,,,,AI validation - Sonnet 4.5
2594484b-c0bd-493d-8639-932a2516d54a,PMID:20176786,,Bioluminescent approaches for measuring tumor growth in a mouse model of neurofibromatosis.,,,,,,,AI validation - Sonnet 4.5
23291dc6-7cbb-4308-828e-11270af66b57,PMID:20200958,,Local low-dose lovastatin delivery improves the bone-healing defect caused by Nf1 loss of function in osteoblasts.,,,,,,,AI validation - Sonnet 4.5
315e6e67-8fba-4b4f-aac6-02741daeaf85,PMID:20551058,,Cyclic AMP suppression is sufficient to induce gliomagenesis in a mouse model of neurofibromatosis-1.,,,,,,,AI validation - Sonnet 4.5
44e7cf80-cf30-4925-930d-30fc56e2a96d,PMID:20554030,,CXCL12 alone is insufficient for gliomagenesis in Nf1 mutant mice.,,,,,,,AI validation - Sonnet 4.5
a5a86cf4-3509-43d4-8123-8d5e42c4cd6e,PMID:20624961,,Neurofibromin regulates corticostriatal inhibitory networks during working memory performance.,,,,,,,AI validation - Sonnet 4.5
72d134e5-971d-4158-aa5c-b3e0c944d415,PMID:20668197,,A distinct set of Drosophila brain neurons required for neurofibromatosis type 1-dependent learning and memory.,,,,,,,AI validation - Sonnet 4.5
9dc6d364-8aee-4995-b9af-c1d940fd5bf4,PMID:20826448,,Reduced striatal dopamine underlies the attention system dysfunction in neurofibromatosis-1 mutant mice.,,,,,,,AI validation - Sonnet 4.5
d1cb2497-c4d2-4c38-9b45-23baca2bfaa5,PMID:20858602,,Oligodendrocyte progenitor cell numbers and migration are regulated by the zebrafish orthologs of the NF1 tumor suppressor gene.,,,,,,,AI validation - Sonnet 4.5
d9cbd68f-cb88-4736-b1ab-b0adbfb28683,PMID:21157378,,Neurofibromatosis-1 heterozygosity increases microglia in a spatially and temporally restricted pattern relevant to mouse optic glioma formation and growth.,,,,,,,AI validation - Sonnet 4.5
215c4c72-b25a-432d-a46b-ad264c2a6228,PMID:21199799,,Dose-dependent effects of focal fractionated irradiation on secondary malignant neoplasms in Nf1 mutant mice.,,,,,,,AI validation - Sonnet 4.5
46b7360c-ed22-4d3e-8513-7995624757af,PMID:21216928,,Interpreting mammalian target of rapamycin and cell growth inhibition in a genetically engineered mouse model of Nf1-deficient astrocytes.,,,,,,,AI validation - Sonnet 4.5
feb35848-b1e4-452e-aa12-133982847dc4,PMID:21352477,,Motor deficits in neurofibromatosis type 1 mice: the role of the cerebellum.,,,,,,,AI validation - Sonnet 4.5
a5776b06-4da8-4920-b4ae-1b5536479af5,PMID:21439418,,Primary osteopathy of vertebrae in a neurofibromatosis type 1 murine model.,,,,,,,AI validation - Sonnet 4.5
294b2334-11cc-4969-a427-d0db0cdec3c9,PMID:21478499,,Neurofibromin (Nf1) is required for skeletal muscle development.,,,,,,,AI validation - Sonnet 4.5
242ec9f0-971b-4dcb-aedc-2e2133deeea9,PMID:21681782,,Nf1 mutant mice with p19ARF gene loss develop accelerated hematopoietic disease resembling acute leukemia with a variable phenotype.,,,,,,,AI validation - Sonnet 4.5
b89718a2-7fb5-4def-8274-f2ebf80f0171,PMID:21726432,,MIA is a potential biomarker for tumour load in neurofibromatosis type 1.,,,,,,,AI validation - Sonnet 4.5
b536210c-a862-45cd-b0b3-846dd7b86a2a,PMID:21949590,,ALTERED CALCIUM CURRENTS AND AXONAL GROWTH IN Nf1 HAPLOINSUFFICIENT MICE,,,,,,,AI validation - Sonnet 4.5
05f6f35c-53af-463b-8cfc-4dcad7bdb933,PMID:21963652,,PET imaging for attention deficit preclinical drug testing in neurofibromatosis-1 mice.,,,,,,,AI validation - Sonnet 4.5
49321d6c-6740-47cb-bbf2-92a3da199a97,PMID:21980365,,The haploinsufficient hematopoietic microenvironment is critical to the pathological fracture repair in murine models of neurofibromatosis type 1.,,,,,,,AI validation - Sonnet 4.5
3a872036-419b-421c-9d13-bd1086e6fc18,PMID:22901811,,ERK inhibition rescues defects in fate specification of Nf1-deficient neural progenitors and brain abnormalities.,,,,,,,AI validation - Sonnet 4.5
7b556afc-2a25-4376-9283-68e698eae38d,PMID:23071067,,Genetically mediated Nf1 loss in mice promotes diverse radiation-induced tumors modeling second malignant neoplasms.,,,,,,,AI validation - Sonnet 4.5
6f074ba2-da42-42ad-9be5-cdf1ae0b0ad8,PMID:23221337,,Sustained MEK inhibition abrogates myeloproliferative disease in Nf1 mutant mice.,,,,,,,AI validation - Sonnet 4.5
cfb998ab-ba7a-4439-ad03-ba8f7cac0e4b,PMID:23225063,,Dopamine deficiency underlies learning deficits in neurofibromatosis-1 mice.,,,,,,,AI validation - Sonnet 4.5
c8e7996b-3d6c-4cc5-9441-e29616a367f9,PMID:23960073,,"FRAX597, a small molecule inhibitor of the p21-activated kinases, inhibits tumorigenesis of neurofibromatosis type 2 (NF2)-associated Schwannomas.",,,,,,,AI validation - Sonnet 4.5
84076801-e4c5-4e65-93ef-092f5d0a3ba7,PMID:24375753,,Sex Is a major determinant of neuronal dysfunction in neurofibromatosis type 1.,,,,,,,AI validation - Sonnet 4.5
6043edc8-23af-406b-a30e-9f1951c1cc06,PMID:24414536,,mTORC1 inhibition delays growth of neurofibromatosis type 2 schwannoma.,,,,,,,AI validation - Sonnet 4.5
dbb86eb1-d6fd-4b8a-8797-e95d58692cba,PMID:24465906,,"Multiscale, converging defects of macro-porosity, microstructure and matrix mineralization impact long bone fragility in NF1.",,,,,,,AI validation - Sonnet 4.5
e1c62fe4-0f14-4c89-88f9-5fd9039d08a6,PMID:24470552,,Treatment of orthotopic malignant peripheral nerve sheath tumors with oncolytic herpes simplex virus.,,,,,,,AI validation - Sonnet 4.5
efe80c08-fc8f-4ea1-8cf9-d158b793f6f9,PMID:24595234,,In vivo functional analysis of the human NF2 tumor suppressor gene in Drosophila.,,,,,,,AI validation - Sonnet 4.5
73ebabb9-841e-48e6-85b7-082162b60c53,PMID:24681606,,Co-targeting the MAPK and PI3K/AKT/mTOR pathways in two genetically engineered mouse models of schwann cell tumors reduces tumor grade and multiplicity.,,,,,,,AI validation - Sonnet 4.5
41248a74-f889-43a2-b7c6-832762c26c06,PMID:24719295,,Maximizing bone formation in posterior spine fusion using rhBMP-2 and zoledronic acid in wild type and NF1 deficient mice.,,,,,,,AI validation - Sonnet 4.5
3c9a1093-3e19-49c9-9a96-50fb26eeb9dc,PMID:24817309,,Nf2/Merlin controls spinal cord neural progenitor function in a Rac1/ErbB2-dependent manner.,,,,,,,AI validation - Sonnet 4.5
be25d6f4-abdd-4773-aca8-17484b52a46f,PMID:24997609,,"Asfotase-α improves bone growth, mineralization and strength in mouse models of neurofibromatosis type-1.",,,,,,,AI validation - Sonnet 4.5
2b473e8a-3a8f-4481-bd69-cdf2a350def2,PMID:25043591,,Combined MEK inhibition and BMP2 treatment promotes osteoblast differentiation and bone healing in Nf1Osx -/- mice.,,,,,,,AI validation - Sonnet 4.5
69c49627-3bab-4d01-b619-cfd878b4c77d,PMID:25113746,,A murine model of neurofibromatosis type 2 that accurately phenocopies human schwannoma formation.,,,,,,,AI validation - Sonnet 4.5
9df7f335-aecc-49db-a8b4-856ad6062fa9,PMID:25336744,,The tumor suppressor Nf2 regulates corpus callosum development by inhibiting the transcriptional coactivator Yap.,,,,,,,AI validation - Sonnet 4.5
0caee389-9270-4dcd-aa26-ebf1a4e575ab,PMID:25433207,,Nf2-Yap signaling controls the expansion of DRG progenitors and glia during DRG development.,,,,,,,AI validation - Sonnet 4.5
8d3b3cff-06c3-45fa-b318-1a95e7337253,PMID:2551169,,Transplacental induction of peripheral nervous tumor in the Syrian golden hamster by N-nitroso-N-ethylurea. A new animal model for von Recklinghausen's neurofibromatosis.,,,,,,,AI validation - Sonnet 4.5
3cea102f-f3a5-4910-ae5e-1fca32f1ae21,PMID:25534823,,Akt- or MEK-mediated mTOR inhibition suppresses Nf1 optic glioma growth.,,,,,,,AI validation - Sonnet 4.5
fdadfaae-ee29-46e1-a8cc-fba5c05a7104,PMID:25535838,,Transient inhibition of the ERK pathway prevents cerebellar developmental defects and improves long-term motor functions in murine models of neurofibromatosis type 1.,,,,,,,AI validation - Sonnet 4.5
cb7a6bfa-5cd1-4f1e-bf36-c3da52cc3bf3,PMID:25772366,,Mouse low-grade gliomas contain cancer stem cells with unique molecular and functional properties.,,,,,,,AI validation - Sonnet 4.5
6a4b4df0-4230-4aaf-a346-4571145a9579,PMID:25877069,,Establishment of immortalized murine mesothelial cells and a novel mesothelioma cell line.,,,,,,,AI validation - Sonnet 4.5
f3c84480-deb2-4481-b6f4-086df9363b65,PMID:25917366,,HCN channels are a novel therapeutic target for cognitive dysfunction in Neurofibromatosis type 1.,,,,,,,AI validation - Sonnet 4.5
0cc80333-1da3-49b1-b8b2-5502cc4d9fa7,PMID:26190969,,"In vivo synaptic transmission and morphology in mouse models of Tuberous sclerosis, Fragile X syndrome, Neurofibromatosis type 1, and Costello syndrome.",,,,,,,AI validation - Sonnet 4.5
87f710ef-9b96-4d4a-baa0-3916e8d974a2,PMID:26883872,,3-D imaging mass spectrometry of protein distributions in mouse Neurofibromatosis 1 (NF1)-associated optic glioma.,,,,,,,AI validation - Sonnet 4.5
39b7cff1-0998-48d5-a2b9-2e2363300eda,PMID:26904939,,Insertional Mutagenesis Identifies a STAT3/Arid1b/β-catenin Pathway Driving Neurofibroma Initiation.,,,,,,,AI validation - Sonnet 4.5
2b4a07b4-d472-4b89-b53f-5fa6ef2b2da0,PMID:28029918,,Activity of Selumetinib in Neurofibromatosis Type 1-Related Plexiform Neurofibromas.,,,,,,,AI validation - Sonnet 4.5
7f7fe087-3105-45c0-a1b8-a763267067c3,PMID:28065690,,Medium throughput biochemical compound screening identifies novel agents for pharmacotherapy of neurofibromatosis type 1.,,,,,,,AI validation - Sonnet 4.5
e4877ef9-d760-4ad8-8292-b89b6329482e,PMID:28525381,,The cell of origin dictates the temporal course of neurofibromatosis-1 (Nf1) low-grade glioma formation.,,,,,,,AI validation - Sonnet 4.5
ca524248-55f0-4b23-87b3-e0672090bb69,PMID:28846462,,Immunohistochemical Markers for Prospective Studies in Neurofibromatosis-1 Porcine Models.,,,,,,,AI validation - Sonnet 4.5
62fa3262-e900-4183-84e5-6cf2f8cccec2,PMID:29408605,,Nf2 Mutation in Schwann Cells Delays Functional Neural Recovery Following Injury.,,,,,,,AI validation - Sonnet 4.5
9559d32a-eaf5-4c25-958e-f59861311bde,PMID:29440379,,Targeting the cMET pathway augments radiation response without adverse effect on hearing in NF2 schwannoma models.,,,,,,,AI validation - Sonnet 4.5
6c27b0f1-591b-42dc-844c-77099f33e95a,PMID:29590612,,A Conserved Circadian Function for the Neurofibromatosis 1 Gene.,,,,,,,AI validation - Sonnet 4.5
0cf1a2ba-b261-4dc1-bb68-5a65ad1f1921,PMID:29662612,,Exploiting mitochondrial and metabolic homeostasis as a vulnerability in NF1 deficient cells.,,,,,,,AI validation - Sonnet 4.5
fbede128-9ff2-4ac9-9edf-9014167f2568,PMID:29704429,,Insights into optic pathway glioma vision loss from mouse models of neurofibromatosis type 1.,,,,,,,AI validation - Sonnet 4.5
c0d1a0f7-533b-4ce0-ad6a-fdfff06c5d26,PMID:29712669,,Proliferation-independent role of NF2 (merlin) in limiting biliary morphogenesis.,,,,,,,AI validation - Sonnet 4.5
d1a58d6e-fd77-4283-af59-07bef4d3d68b,PMID:29715273,,Neurofibromatosis type 2 tumor suppressor protein is expressed in oligodendrocytes and regulates cell proliferation and process formation.,,,,,,,AI validation - Sonnet 4.5
475beb71-0775-4753-b97c-4d91cb77e1cb,PMID:29787563,,Graph complexity analysis identifies an ETV5 tumor-specific network in human and murine low-grade glioma.,,,,,,,AI validation - Sonnet 4.5
cf4c1ec9-aa1d-46ba-bf7d-da1a1569a117,PMID:29847659,,Neurofibromin Deficiency Induces Endothelial Cell Proliferation and Retinal Neovascularization.,,,,,,,AI validation - Sonnet 4.5
199c959e-ff80-4a29-b7bd-dfd25b252634,PMID:29897904,,Traditional and systems biology based drug discovery for the rare tumor syndrome neurofibromatosis type 2.,,,,,,,AI validation - Sonnet 4.5
c0ebf066-07df-4360-b88f-2ced530ab756,PMID:29925695,,A porcine model of neurofibromatosis type 1 that mimics the human disease.,,,,,,,AI validation - Sonnet 4.5
ae6ff1a6-5083-4550-a831-961ee8e9c05c,PMID:29982664,,EPH receptor signaling as a novel therapeutic target in NF2-deficient meningioma.,,,,,,,AI validation - Sonnet 4.5
7e54b207-55b7-4638-b20f-096cdbbc6518,PMID:30055648,,Testing ATRA and MEK inhibitor PD0325901 effectiveness in a nude mouse model for human MPNST xenografts.,,,,,,,AI validation - Sonnet 4.5
68a2ac80-a150-4b76-a98e-a161a5fe9b20,PMID:30615146,,Preclinical assessment of MEK1/2 inhibitors for neurofibromatosis type 2-associated schwannomas reveals differences in efficacy and drug resistance development.,,,,,,,AI validation - Sonnet 4.5
237e43d3-65e4-40ad-a213-97bc2b3954ae,PMID:30617350,,"A cerebellopontine angle mouse model for the investigation of tumor biology, hearing, and neurological function in NF2-related vestibular schwannoma.",,,,,,,AI validation - Sonnet 4.5
bede47a9-48d9-4206-9748-5b3d004ea2b8,PMID:31545171,,Optical dopamine monitoring with dLight1 reveals mesolimbic phenotypes in a mouse model of neurofibromatosis type 1.,,,,,,,AI validation - Sonnet 4.5
7b8f3252-97a7-4fb2-a0f2-32cc088de160,PMID:32193437,,Longitudinal phenotype development in a minipig model of neurofibromatosis type 1.,,,,,,,AI validation - Sonnet 4.5
765702e2-cf4b-4947-af4e-cb684fc6c7ff,PMID:32438526,,Effects of Neurod1 Expression on Mouse and Human Schwannoma Cells.,,,,,,,AI validation - Sonnet 4.5
8c08f83a-2bdc-43af-b6c5-3cc351b15214,PMID:32471868,,Genetic disruption of the small GTPase RAC1 prevents plexiform neurofibroma formation in mice with neurofibromatosis type 1.,,,,,,,AI validation - Sonnet 4.5
9e2a0463-6752-4f57-9cbd-2cd42995774c,PMID:32781282,,Nf1 heterozygous mice recapitulate the anthropometric and metabolic features of human neurofibromatosis type 1.,,,,,,,AI validation - Sonnet 4.5
6ca7a737-dab4-4d19-aba1-62234c940438,PMID:32839340,,Brain-wide structural and functional disruption in mice with oligodendrocyte-specific Nf1 deletion is rescued by inhibition of nitric oxide synthase,,,,,,,AI validation - Sonnet 4.5
cc8ea639-8348-479f-9e91-62b82bd25c95,PMID:33078583,,Cell autonomous requirement of neurofibromin (Nf1) for postnatal muscle hypertrophic growth and metabolic homeostasis.,,,,,,,AI validation - Sonnet 4.5
aa8833b5-3a29-471b-a38f-4fdf93689734,PMID:33080011,,"Temporal, spatial, and genetic constraints contribute to the patterning and penetrance of murine neurofibromatosis-1 optic glioma.",,,,,,,AI validation - Sonnet 4.5
9053cfa5-2ef1-4d74-9b85-50c582d60065,PMID:33279959,,"Stepwise crosstalk between aberrant Nf1, Tp53 and Rb signalling pathways induces gliomagenesis in zebrafish.",,,,,,,AI validation - Sonnet 4.5
d116f661-06db-4caf-a462-074db86aeaaa,PMID:34043012,,RNA sequence analysis reveals ITGAL/CD11A as a stromal regulator of murine low-grade glioma growth.,,,,,,,AI validation - Sonnet 4.5
d456bb79-f909-4232-b815-4bfd56c86a9e,PMID:34075397,,PAK1 inhibition reduces tumor size and extends the lifespan of mice in a genetically engineered mouse model of Neurofibromatosis Type 2 (NF2).,,,,,,,AI validation - Sonnet 4.5
4188edde-e55f-4d90-8869-cf2f7f7cfcff,PMID:34257279,,Neurofibromin regulates metabolic rate via neuronal mechanisms in Drosophila.,,,,,,,AI validation - Sonnet 4.5
1de7422b-9c8d-4327-b66d-0396081dc41f,PMID:34428430,,Treatment during a developmental window prevents NF1-associated optic pathway gliomas by targeting Erk-dependent migrating glial progenitors.,,,,,,,AI validation - Sonnet 4.5
8f9e02c7-1489-4a5d-a442-42baba3435a2,PMID:34630515,,Assessment of Mosaicism and Detection of Cryptic Alleles in CRISPR/Cas9-Engineered Neurofibromatosis Type 1 and TP53 Porcine Models,,,,,,,AI validation - Sonnet 4.5
e3bd26a4-75ca-43af-8cf0-82c7b84dbe3a,PMID:34935315,,Analysis of muscle tissue in vivo using fiber-optic autofluorescence and diffuse reflectance spectroscopy.,,,,,,,AI validation - Sonnet 4.5
3d8bf242-1541-4db1-8eb0-87a6cf9b670e,PMID:36241865,,Transplanting neurofibromatosis-1 gene knockout neural stem cells improve functional recovery in rats with spinal cord injury by enhancing the mTORC2 pathway.,,,,,,,AI validation - Sonnet 4.5
9b2dfc85-f32e-482e-b3c2-ec2cbc8d6efd,PMID:36730269,,Identification of therapeutic sensitivities in a spheroid drug combination screen of Neurofibromatosis Type I associated High Grade Gliomas.,,,,,,,AI validation - Sonnet 4.5
bde41968-2e23-4727-a363-838ec43f7ced,PMID:36890585,,Neurofibromatosis type 1-dependent alterations in mouse microglia function are not cell-intrinsic.,,,,,,,AI validation - Sonnet 4.5
75063398-c318-4060-b583-295a87da2b97,PMID:37520682,,Combining nonsense mutation suppression therapy with nonsense-mediated decay inhibition in neurofibromatosis type 1.,,,,,,,AI validation - Sonnet 4.5
61f84d83-61d1-479f-9ffd-d4f161e63ccb,PMID:37817770,,Single-cell RNA sequencing of neurofibromas reveals a tumor microenvironment favorable for neural regeneration and immune suppression in a neurofibromatosis type 1 porcine model.,,,,,,,AI validation - Sonnet 4.5
ec173d64-a228-46da-8b5d-ec06ac1ef335,PMID:38216123,,NF1 deficiency drives metabolic reprogramming in ER+ breast cancer.,,,,,,,AI validation - Sonnet 4.5
76acfcde-68bc-4d72-a06a-f503f1e78737,PMID:38900740,,Revisiting the NPcis mouse model: A new tool to model plexiform neurofibroma.,,,,,,,AI validation - Sonnet 4.5
bfab7652-388e-4bb1-adc8-bcf171bb8baf,PMID:38931352,,PET Imaging of Neurofibromatosis Type 1 with a Fluorine-18 Labeled Tryptophan Radiotracer.,,,,,,,AI validation - Sonnet 4.5
87b05eef-f851-4a61-b746-3d1a1b81d9b1,PMID:39106942,,Investigating therapeutic nonsense suppression in a neurofibromatosis mouse model.,,,,,,,AI validation - Sonnet 4.5
e6bb7911-7f5e-40dc-923c-fe7c4a1e20d3,PMID:39415595,,Generation of a zebrafish neurofibromatosis model via inducible knockout of nf2a/b.,,,,,,,AI validation - Sonnet 4.5
c450d090-d878-427d-bc0a-f6d87e9799cf,PMID:39952425,,Sex-dependent variations of retinal function and architecture in a neurofibromatosis type I mouse model with normal vision.,,,,,,,AI validation - Sonnet 4.5
9e03d1e3-5150-4069-91a7-23b0c03584df,PMID:40590220,,A haploinsufficiency restoration strategy corrects neurobehavioral deficits in Nf1+/- mice.,,,,,,,AI validation - Sonnet 4.5
f1dd3ae9-3a22-4a17-9f28-9a50d44bd13c,PMID:41023593,,Selective inhibition of BRAF and CRAF sensitizes NF1-deficient malignant peripheral nerve sheath tumors to MEK inhibitors.,,,,,,,AI validation - Sonnet 4.5
1e035c5c-315e-4bec-b632-a0b1c41269a6,PMID:41036607,,Pharmacogenomic Synthetic Lethal Screens Reveal Hidden Vulnerabilities and New Therapeutic Approaches for Treatment of NF1-Associated Tumors.,,,,,,,AI validation - Sonnet 4.5
a09d426d-e283-4299-a20a-88e1644432e4,PMID:41444363,,Focused ultrasound-mediated drug delivery of bevacizumab in treating NF2-related schwannomatosis in an animal model.,,,,,,,AI validation - Sonnet 4.5
4f539d0a-9fa2-4639-988f-0901e2c5fce1,PMID:41582719,,Inhibition of Cxcr4 chemokine receptor signaling improves habituation learning in a zebrafish model of Neurofibromatosis.,,,,,,,AI validation - Sonnet 4.5
e2af40b7-8d6f-472f-8077-50ca9628ecdc,PMID:41616055,,Inhibition of focal adhesion kinase impairs tumor formation and preserves hearing in a murine model of NF2-related schwannomatosis.,,,,,,,AI validation - Sonnet 4.5
9b522917-a3ca-4601-a93f-92123a1e8c7d,PMID:41680443,,Proof-of-principle of NF1 gene therapy in plexiform neurofibroma xenograft mouse models.,,,,,,,AI validation - Sonnet 4.5
e910d9ca-b566-4741-8cc5-c873e2f5f513,PMID:7474134,,Frequent disruption of the Nf1 gene by a novel murine AIDS virus-related provirus in BXH-2 murine myeloid lymphomas.,,,,,,,AI validation - Sonnet 4.5
aad9ecef-5c91-4b61-8e1c-ddef7dc2758d,PMID:7609078,,Retroviral integration at the Evi-2 locus in BXH-2 myeloid leukemia cell lines disrupts Nf1 expression without changes in steady-state Ras-GTP levels.,,,,,,,AI validation - Sonnet 4.5
19b23dab-24be-464e-a95a-ac695d30f623,PMID:7671302,,Loss of neurofibromin results in neurotrophin-independent survival of embryonic sensory and sympathetic neurons.,,,,,,,AI validation - Sonnet 4.5
d6c06c51-1233-46ed-8daf-641bebc89ee5,PMID:7977647,,Characterization of naturally occurring cutaneous neurofibromatosis in Holstein cattle. A disorder resembling neurofibromatosis type 1 in humans.,,,,,,,AI validation - Sonnet 4.5
2d2e40e6-a7ed-4dbf-a3e9-59963eeebb9f,PMID:8176268,,Localization of neurofibromin to keratinocytes and melanocytes in developing rat and human skin.,,,,,,,AI validation - Sonnet 4.5
010b59c2-8509-4067-8d82-0ea8989274eb,PMID:8582272,,Neurofibromin-deficient fibroblasts fail to form perineurium in vitro.,,,,,,,AI validation - Sonnet 4.5
c1fc04cc-8fa5-445b-9085-0f52ce624cad,PMID:9001241,,Nf1-deficient mouse Schwann cells are angiogenic and invasive and can be induced to hyperproliferate: reversion of some phenotypes by an inhibitor of farnesyl protein transferase.,,,,,,,AI validation - Sonnet 4.5
2b9d5c12-1510-4406-a792-51a5a0cc2db8,PMID:28775147,,Combination Therapy with c-Met and Src Inhibitors Induces Caspase-Dependent Apoptosis of Merlin-Deficient Schwann Cells and Suppresses Growth of Schwannoma Cells.,,,,,,,AI validation - Sonnet 4.5
0c0e4c99-b2b5-4ff4-8381-7ba3ef2d2ccb,PMID:30479396,,NF1 heterozygosity fosters de novo tumorigenesis but impairs malignant transformation.,,,,,,,AI validation - Sonnet 4.5
42a80427-0b51-4f38-b7a9-aa8b262f2075,PMID:29596064,,Contributions of inflammation and tumor microenvironment to neurofibroma tumorigenesis.,,,,,,,AI validation - Sonnet 4.5
8529cbc3-b058-473b-9b4f-bd8f68cb54fc,PMID:32642734,,Whole exome sequencing reveals the maintained polyclonal nature from primary to metastatic malignant peripheral nerve sheath tumor in two patients with NF1,,,,,,,AI validation - Sonnet 4.5
dba155f0-6b85-4b26-908d-1a1a7a9441d3,PMID:33978635,,Selumetinib normalizes Ras/MAPK signaling in clinically relevant neurofibromatosis type 1 minipig tissues in vivo.,,,,,,,AI validation - Sonnet 4.5
320640e3-5b99-498c-aff3-fb2faf206d3a,PMID:32088262,,S-nitrosylation affects TRAP1 structure and ATPase activity and modulates cell response to apoptotic stimuli.,,,,,,,AI validation - Sonnet 4.5
9dd67150-a9c0-4107-a4f7-cbd4cf0ea899,PMID:34647023,,A genetic mouse model with postnatal Nf1 and p53 loss recapitulates the histology and transcriptome of human malignant peripheral nerve sheath tumor.,,,,,,,AI validation - Sonnet 4.5
5a9bbfd4-305e-43dd-951f-dd0c6a9265e9,PMID:35589737,,Neuronal hyperexcitability drives central and peripheral nervous system tumor progression in models of neurofibromatosis-1.,,,,,,,AI validation - Sonnet 4.5
51cc9285-f46b-44cb-a01d-5b4564e73b5b,PMID:36148553,,Inhibition of YAP/TAZ-driven TEAD activity prevents growth of NF2-null schwannoma and meningioma,,,,,,,AI validation - Sonnet 4.5
6e2ebd2e-a9df-44a1-af7d-3c554be58d7c,PMID:35945271,,Functional restoration of mouse Nf1 nonsense alleles in differentiated cultured neurons,,,,,,,AI validation - Sonnet 4.5
878c8670-75f4-433e-9213-0bb6d7066180,PMID:36806881,,Proteasomal pathway inhibition as a potential therapy for NF2-associated meningioma and schwannoma,,,,,,,AI validation - Sonnet 4.5
7d3de51a-699d-4cf6-a93b-2bd0bdaff572,PMID:36796745,,Unbalancing cAMP and Ras/MAPK pathways as a therapeutic strategy for cutaneous neurofibromas,,,,,,,AI validation - Sonnet 4.5
96e93ba5-3f0a-44b0-a2dc-206f42b4cbef,PMID:38216572,,Functional interactions between neurofibromatosis tumor suppressors underlie Schwann cell tumor de-differentiation and treatment resistance,,,,,,,AI validation - Sonnet 4.5
50f177e5-d154-403c-a0cb-082c8feef12f,PMID:37410426,,"CDK4/6-MEK Inhibition in MPNSTs Causes Plasma Cell Infiltration, Sensitization to PD-L1 Blockade, and Tumor Regression",,,,,,,AI validation - Sonnet 4.5
b397bc4e-2530-4713-af55-562afd1c8081,PMID:30542122,,STAT3 inhibition reduces macrophage number and tumor growth in neurofibroma.,,,,,,,AI validation - Sonnet 4.5
54e2ba3d-3369-40e1-bb22-48995e1ebbbb,PMID:30728335,,Cxcr3-expressing leukocytes are necessary for neurofibroma formation in mice.,,,,,,,AI validation - Sonnet 4.5
3e6b2444-b8d8-422e-bd20-dc436b5d0a79,PMID:36322658,,Single-cell multiomics identifies clinically relevant mesenchymal stem-like cells and key regulators for MPNST malignancy.,,,,,,,AI validation - Sonnet 4.5
6cf70243-14ad-4302-be09-9c7ea4f4b211,PMID:36799629,,MEK Inhibition Synergizes with TYK2 Inhibitors in NF1-Associated Malignant Peripheral Nerve Sheath Tumors.,,,,,,,AI validation - Sonnet 4.5
34ef8c37-0849-4239-88ed-8d6012a52fe1,PMID:37331503,,Topical delivery of mitogen-activated protein kinase inhibitor binimetinib prevents the development of cutaneous neurofibromas in neurofibromatosis type 1 mutant mice.,,,,,,,AI validation - Sonnet 4.5
fb66af9d-693e-4a54-897f-cfc5c358af0d,PMID:37406085,,Combined CDK4/6 and ERK1/2 Inhibition Enhances Antitumor Activity in NF1-Associated Plexiform Neurofibroma.,,,,,,,AI validation - Sonnet 4.5
c3afc6c1-e4c3-4bdc-840f-85a8eb1959cc,PMID:38502231,,STING activation reprograms the microenvironment to sensitize NF1-related malignant peripheral nerve sheath tumors for immunotherapy.,,,,,,,AI validation - Sonnet 4.5
4aee78f0-8352-42d8-ae5b-d7abaca9a4ab,PMID:37140985,,Basement membrane proteins in extracellular matrix characterize NF1 neurofibroma development and response to MEK inhibitor,,,,,,,AI validation - Sonnet 4.5
1d7df4d6-60ee-42aa-a6a9-c403d8955f17,PMID:38945076,,Signaling pathways regulated by nitrated proteins as novel therapeutic targets for neurofibromatosis type 2,,,,,,,AI validation - Sonnet 4.5
2437af53-0551-45aa-bdfb-dcf6202bf3d3,PMID:39023130,,Maternal obesogenic diet operates at the tumor cell of origin to increase incidence and decrease latency of Neurofibromatosis Type 1 optic pathway glioma.,,,,,,,AI validation - Sonnet 4.5
06e784f0-abf1-4a5e-98c9-6c752ce98245,PMID:39269317,,MEK Inhibitors Lead to PDGFR Pathway Upregulation and Sensitize Tumors to RAF Dimer Inhibitors in NF1-Deficient Malignant Peripheral Nerve Sheath Tumor.,,,,,,,AI validation - Sonnet 4.5
c1b9a74d-5ad8-4d71-ae47-1c0bffa61573,PMID:39129390,,Inhibition of autophagy as a novel treatment for neurofibromatosis type 1 tumors.,,,,,,,AI validation - Sonnet 4.5
a6814415-369d-4b60-9292-33bc412e056b,PMID:38829109,,Concurrent Collection of Fetal Murine Brain and Serum to Assess Effects of Maternal Diet on Nutrition and Neurodevelopment in Neurofibromatosis Type 1.,,,,,,,AI validation - Sonnet 4.5
d426d6cd-5d8d-4959-ab29-c76b2bdef93c,PMID:40684195,,Unraveling the development of cutaneous neurofibromas in neurofibromatosis type 1,,,,,,,AI validation - Sonnet 4.5
71ea2326-51f5-4db7-8edb-5cf8287bb30c,PMID:40723243,,The Combination of HSP90 Inhibitors and Selumetinib Reinforces the Inhibitory Effects on Plexiform Neurofibromas,,,,,,,AI validation - Sonnet 4.5
7eaaae3b-fbf2-4ed8-9213-0607e0f55a36,PMID:23099891,,Neurofibroma-associated macrophages play roles in tumor growth and response to pharmacological inhibition,,,,,,,AI validation - Sonnet 4.5
9787f3c0-ecc8-4a25-8722-8eb1d0ca3beb,PMID:11756419,,Structural basis for neurofibromatosis type 2. Crystal structure of the merlin FERM domain.,,,,,,,AI validation - Sonnet 4.5
42568e0f-2a49-4cac-8068-a2e5270e4f85,PMID:12057013,,Complex splicing pattern generates great diversity in human NF1 transcripts.,,,,,,,AI validation - Sonnet 4.5
3a60b49c-e841-4c74-a865-acf6bc022a94,PMID:1427886,,A radiation hybrid map of the region on human chromosome 22 containing the neurofibromatosis type 2 locus.,,,,,,,AI validation - Sonnet 4.5
211869fb-fe4f-4a67-b8dc-6e2a2e0760ab,PMID:15570216,,Targeted gene expression in the chicken eye by in ovo electroporation.,,,,,,,AI validation - Sonnet 4.5
121ae2e4-60ff-4d90-9ce2-3a71e9be6735,PMID:1587809,,Expression of the GTPase activating domain of the neurofibromatosis type 1 (NF1) gene in Escherichia coli and role of the conserved lysine residue.,,,,,,,AI validation - Sonnet 4.5
4a8128b3-10eb-4a29-a6ae-d406dc9b5fb4,PMID:1639394,,A yeast artificial chromosome contig encompassing the type 1 neurofibromatosis gene.,,,,,,,AI validation - Sonnet 4.5
20708bc7-35d6-474b-80df-97421edc18de,PMID:18055911,,Deletions of NF1 gene and exons detected by multiplex ligation-dependent probe amplification.,,,,,,,AI validation - Sonnet 4.5
01a6ccad-b6e1-4568-ad4b-7947b75fb6ca,PMID:18636037,,The ErbB inhibitors trastuzumab and erlotinib inhibit growth of vestibular schwannoma xenografts in nude mice: a preliminary study.,,,,,,,AI validation - Sonnet 4.5
787f7dbd-93d6-4f63-a3e3-039a76d6b3b5,PMID:18670322,,Vestibular schwannoma quantitative polymerase chain reaction expression of estrogen and progesterone receptors.,,,,,,,AI validation - Sonnet 4.5
6fa8feac-5548-47dd-b3b6-717d906f30a8,PMID:18769552,,Frequent EGFR Positivity and Overexpression in High-Grade Areas of Human MPNSTs.,,,,,,,AI validation - Sonnet 4.5
eacf7afa-da7c-40ee-aea6-fd1ad0b04191,PMID:19016857,,Polypyrimidine tract binding protein regulates alternative splicing of an aberrant pseudoexon in NF1.,,,,,,,AI validation - Sonnet 4.5
b878aa3b-1a87-4de9-b397-4cefddd3e724,PMID:1915269,,The GTPase stimulatory activities of the neurofibromatosis type 1 and the yeast IRA2 proteins are inhibited by arachidonic acid.,,,,,,,AI validation - Sonnet 4.5
7dcc3f58-972a-412f-af82-cc351e8b7dd8,PMID:19292874,,Low U1 snRNP dependence at the NF1 exon 29 donor splice site.,,,,,,,AI validation - Sonnet 4.5
0f92ac9c-4a5a-4056-b897-b7e9b31729de,PMID:19434310,,Preliminary study regarding the utility of certain immunohistochemical markers in diagnosing neurofibromas and schwannomas.,,,,,,,AI validation - Sonnet 4.5
ec6d2872-8e72-44ca-9f0a-17d375f3e1a1,PMID:19966217,,Cardiac and vascular functions of the zebrafish orthologues of the type I neurofibromatosis gene NFI.,,,,,,,AI validation - Sonnet 4.5
01541d95-4dd4-4190-90d5-8fae23b29a71,PMID:20049725,,Integrative genomic analyses of neurofibromatosis tumours identify SOX9 as a biomarker and survival gene.,,,,,,,AI validation - Sonnet 4.5
fe342924-bfaf-4f39-9621-063c85e9e726,PMID:20195187,,Merlin knockdown in human Schwann cells: clues to vestibular schwannoma tumorigenesis.,,,,,,,AI validation - Sonnet 4.5
c809ea2a-bfc9-4ab3-b4e9-e2369e265383,PMID:21072183,,p21-Activated kinases are required for transformation in a cell-based model of neurofibromatosis type 2.,,,,,,,AI validation - Sonnet 4.5
9a4fe296-a2c4-494b-b604-459c62f62b1a,PMID:21697395,,Discovery of a small molecule targeting IRA2 deletion in budding yeast and neurofibromin loss in malignant peripheral nerve sheath tumor cells.,,,,,,,AI validation - Sonnet 4.5
e0328074-846e-47fd-921b-4b1752a8351b,PMID:22108604,,Exploring the somatic NF1 mutational spectrum associated with NF1 cutaneous neurofibromas.,,,,,,,AI validation - Sonnet 4.5
2cfe3900-c726-4ffa-804c-31e3fd23298d,PMID:23140466,,Regression of schwannomas induced by adeno-associated virus-mediated delivery of caspase-1.,,,,,,,AI validation - Sonnet 4.5
0bd4bb78-bc29-4c3f-9886-dfb1b74d8db7,PMID:23457304,,Platelet-derived growth factor-BB activates calcium/calmodulin-dependent and -independent mechanisms that mediate Akt phosphorylation in the neurofibromin-deficient human Schwann cell line ST88-14.,,,,,,,AI validation - Sonnet 4.5
c9ef0cd7-ace8-42ec-9544-0415efb4e164,PMID:24509877,,MAF mediates crosstalk between Ras-MAPK and mTOR signaling in NF1.,,,,,,,AI validation - Sonnet 4.5
2d6e8ec7-771f-4de7-b197-ebc6ee0df492,PMID:24558021,,Proteomic screening identifies a YAP-driven signaling network linked to tumor cell proliferation in human schwannomas.,,,,,,,AI validation - Sonnet 4.5
79112b7c-5b52-4e94-9ea8-cb18663d59ff,PMID:24711647,,ADAP2 in heart development: a candidate gene for the occurrence of cardiovascular malformations in NF1 microdeletion syndrome.,,,,,,,AI validation - Sonnet 4.5
ac37509c-8e19-44fe-9614-af855b542da8,PMID:24882693,,Molecular conformation of the full-length tumor suppressor NF2/Merlin--a small-angle neutron scattering study.,,,,,,,AI validation - Sonnet 4.5
48b72ed3-5679-4f65-ba21-9c32133fb032,PMID:2491777,,Genetic linkage mapping of chromosome 17 markers and neurofibromatosis type I.,,,,,,,AI validation - Sonnet 4.5
83561f4a-5382-4fa9-9604-48d2613cbed6,PMID:2491779,,A refined genetic map of the region of chromosome 17 surrounding the von Recklinghausen neurofibromatosis (NF1) gene.,,,,,,,AI validation - Sonnet 4.5
40ae557e-95ec-4d2e-a7b8-c977bb830e6f,PMID:2491781,,Close flanking markers for neurofibromatosis type I (NF1).,,,,,,,AI validation - Sonnet 4.5
eadf2aa2-e370-445f-9c4c-e0508981fda0,PMID:2491782,,"Linkage analysis of neurofibromatosis type I, using chromosome 17 DNA markers.",,,,,,,AI validation - Sonnet 4.5
7a21cb7b-d4fb-48a0-8ed6-a4712e15340b,PMID:2491783,,Physical mapping of the von Recklinghausen neurofibromatosis region on chromosome 17.,,,,,,,AI validation - Sonnet 4.5
205cf3ce-7942-4ab3-92ed-d34217d5e991,PMID:2491784,,Multipoint linkage analysis in neurofibromatosis type I: an international collaboration.,,,,,,,AI validation - Sonnet 4.5
7d2df373-8c8f-412c-8b8a-0e7a780e25b9,PMID:24980480,,Novel age-dependent targets in vestibular schwannomas.,,,,,,,AI validation - Sonnet 4.5
81b3a46b-4b02-4ca0-b235-4b0663a69413,PMID:2500456,,"Type 1 neurofibromatosis: selective expression of extracellular matrix genes by Schwann cells, perineurial cells, and fibroblasts in mixed cultures.",,,,,,,AI validation - Sonnet 4.5
01e8030c-3371-4376-81b8-0b0232e1c8fd,PMID:25043298,,Oncogenic role of Merlin/NF2 in glioblastoma.,,,,,,,AI validation - Sonnet 4.5
58cbc6de-d4e7-4dc0-af0e-193434dc06be,PMID:25079666,,Primary culture of human vestibular schwannomas.,,,,,,,AI validation - Sonnet 4.5
6c4e094a-9b7f-444a-b086-7f13c5306a7b,PMID:25325900,,The use of next-generation sequencing in molecular diagnosis of neurofibromatosis type 1: a validation study.,,,,,,,AI validation - Sonnet 4.5
226f3dca-f0bc-4612-8a2f-65516f7db694,PMID:25329635,,Genetic modifiers of neurofibromatosis type 1-associated café-au-lait macule count identified using multi-platform analysis.,,,,,,,AI validation - Sonnet 4.5
d3aec6dd-d4bd-4e93-aad7-024ae6d3013d,PMID:25549701,,Exome sequencing on malignant meningiomas identified mutations in neurofibromatosis type 2 (NF2) and meningioma 1 (MN1) genes.,,,,,,,AI validation - Sonnet 4.5
110e50f0-625d-477d-8a09-cc0ff060e619,PMID:25557241,,Outcomes of preimplantation genetic diagnosis in neurofibromatosis type 1.,,,,,,,AI validation - Sonnet 4.5
fc88cf6f-069a-4505-995b-49f1fb9b6f60,PMID:26066488,,A Systematic Assessment of Accuracy in Detecting Somatic Mosaic Variants by Deep Amplicon Sequencing: Application to NF2 Gene.,,,,,,,AI validation - Sonnet 4.5
c6c6f7de-aa4e-42af-a3b2-e80793e6877b,PMID:26219339,,A high-throughput kinome screen reveals serum/glucocorticoid-regulated kinase 1 as a therapeutic target for NF2-deficient meningiomas.,,,,,,,AI validation - Sonnet 4.5
9855b0b8-0d2f-4046-9795-80677b7ede9a,PMID:26657314,,Immortalized Human Schwann Cell Lines Derived From Tumors of Schwannomatosis Patients.,,,,,,,AI validation - Sonnet 4.5
ff0e2e7b-32fa-4bd7-8ffc-30c562368295,PMID:27999334,,Hybridization Capture-Based Next-Generation Sequencing to Evaluate Coding Sequence and Deep Intronic Mutations in the NF1 Gene.,,,,,,,AI validation - Sonnet 4.5
4d89bd92-6f4d-4d99-80cc-e5ef79ea3a73,PMID:28126595,,Global Proteome and Phospho-proteome Analysis of Merlin-deficient Meningioma and Schwannoma Identifies PDLIM2 as a Novel Therapeutic Target.,,,,,,,AI validation - Sonnet 4.5
209a851c-e297-48de-9b38-58318039e7e5,PMID:28166733,,A machine learning classifier trained on cancer transcriptomes detects NF1 inactivation signal in glioblastoma.,,,,,,,AI validation - Sonnet 4.5
ca55c410-0188-492e-9cb1-8be75b77872d,PMID:28398289,,A high-throughput molecular data resource for cutaneous neurofibromas.,,,,,,,AI validation - Sonnet 4.5
94873aeb-8f12-40d5-8f39-2c362342c053,PMID:28831766,,NMR resonance assignments of the EVH1 domain of neurofibromin's recruitment factor Spred1.,,,,,,,AI validation - Sonnet 4.5
11a1a6bc-4efb-4889-ad4d-7f8312c3b45c,PMID:29670214,,Restoring functional neurofibromin by protein transduction.,,,,,,,AI validation - Sonnet 4.5
82f9113f-f28d-4387-a6d3-43ce06af70cd,PMID:30274821,,Synergistic effect of Nutlin-3 combined with MG-132 on schwannoma cells through restoration of merlin and p53 tumour suppressors.,,,,,,,AI validation - Sonnet 4.5
e2837c5d-6758-4e85-b7cf-d2e87f1aabeb,PMID:30713041,,Reprogramming Captures the Genetic and Tumorigenic Properties of Neurofibromatosis Type 1 Plexiform Neurofibromas.,,,,,,,AI validation - Sonnet 4.5
339d83b9-e1e3-4c61-8110-6c6d6a84fcf5,PMID:30984524,,Next Generation Sequencing Identified a Novel Multi Exon Deletion of the NF1 Gene in a Chinese Pedigree with Neurofibromatosis Type 1,,,,,,,AI validation - Sonnet 4.5
9dc20065-8129-41d9-8b42-3db17c469f1e,PMID:31015291,,Proximity biotinylation identifies a set of conformation-specific interactions between Merlin and cell junction proteins.,,,,,,,AI validation - Sonnet 4.5
d26e5976-f751-49cb-9a37-aefd4435a398,PMID:31836666,,Biochemical and structural analyses reveal that the tumor suppressor neurofibromin (NF1) forms a high-affinity dimer.,,,,,,,AI validation - Sonnet 4.5
347ed634-b1a6-4873-8671-2dcdbf4efecc,PMID:32107864,,Expanding the Noonan spectrum/RASopathy NGS panel: Benefits of adding NF1 and SPRED1.,,,,,,,AI validation - Sonnet 4.5
ca66faff-7790-4fc7-9330-08ddbc88e86e,PMID:32457840,,"TGFβ Signaling Increases Net Acid Extrusion, Proliferation and Invasion in Panc-1 Pancreatic Cancer Cells: SMAD4 Dependence and Link to Merlin/NF2 Signaling.",,,,,,,AI validation - Sonnet 4.5
dfe136a4-770b-4610-b1c7-b848ea079f31,PMID:32733557,,"Gene Expression, Network Analysis, and Drug Discovery of Neurofibromatosis Type 2-Associated Vestibular Schwannomas Based on Bioinformatics Analysis.",,,,,,,AI validation - Sonnet 4.5
adec91f7-84aa-4d5b-bc35-9f2ade2a80e1,PMID:33032988,,Combined Inhibition of SHP2 and MEK Is Effective in Models of NF1-Deficient Malignant Peripheral Nerve Sheath Tumors.,,,,,,,AI validation - Sonnet 4.5
65a1203a-8c1b-41f2-949c-1efc8c8b1f94,PMID:33273014,,mTOR kinase inhibition disrupts neuregulin 1-ERBB3 autocrine signaling and sensitizes NF2-deficient meningioma cellular models to IGF1R inhibition.,,,,,,,AI validation - Sonnet 4.5
f4707585-dc5f-460d-aa3d-3ebb56437f25,PMID:33413690,,Human cutaneous neurofibroma matrisome revealed by single-cell RNA sequencing.,,,,,,,AI validation - Sonnet 4.5
3b6dcb9d-d626-452c-a861-b89b5746ff1f,PMID:33484105,,Circulating free DNA in the plasma of individuals with neurofibromatosis type 1.,,,,,,,AI validation - Sonnet 4.5
ef1fc8b8-7935-40a8-9fa5-b103ae362914,PMID:33574490,,Using antisense oligonucleotides for the physiological modulation of the alternative splicing of NF1 exon 23a during PC12 neuronal differentiation.,,,,,,,AI validation - Sonnet 4.5
5302b7ba-5d16-4cdd-adc3-9012332bf859,PMID:34011935,,Metalloproteinase 1 downregulation in neurofibromatosis 1: Therapeutic potential of antimalarial hydroxychloroquine and chloroquine.,,,,,,,AI validation - Sonnet 4.5
22b14ece-a3ea-4fbd-bbee-7816a0d447bc,PMID:34464388,,Cell-free DNA ultra-low-pass whole genome sequencing to distinguish malignant peripheral nerve sheath tumor (MPNST) from its benign precursor lesion: A cross-sectional study.,,,,,,,AI validation - Sonnet 4.5
6b4ed2e0-1ce8-4dbe-8638-b16355aa333e,PMID:34782607,,Pathogenic neurofibromatosis type 1 (NF1) RNA splicing resolved by targeted RNAseq.,,,,,,,AI validation - Sonnet 4.5
9e8e5d7b-c339-4782-8bde-e4248be93fb5,PMID:36420221,,Antisense oligonucleotides targeting exon 11 are able to partially rescue the NF2-related schwannomatosis phenotype,,,,,,,AI validation - Sonnet 4.5
5092b5d1-869f-481c-b084-d3e072a8dc15,PMID:37770931,,"Integration of single-nuclei RNA-sequencing, spatial transcriptomics and histochemistry defines the complex microenvironment of NF1-associated plexiform neurofibromas.",,,,,,,AI validation - Sonnet 4.5
8345ce9d-7ac2-4c80-9651-0c87ed82ed43,PMID:37990867,,Neurofibromin 1 mutations impair the function of human induced pluripotent stem cell-derived microglia.,,,,,,,AI validation - Sonnet 4.5
d4595461-d4e3-434c-a8b5-090d55d8d578,PMID:38008284,,Droplet Digital PCR for Fast and Accurate Characterization of NF1 Locus Deletions: Confirmation of the Predominant Maternal Origin of Type-1 Deletions.,,,,,,,AI validation - Sonnet 4.5
ee96c170-792e-4e39-8aa2-cf6f5587e9e1,PMID:38481529,,Generation of heterozygous and homozygous NF1 lines from human-induced pluripotent stem cells using CRISPR/Cas9 to investigate bone defects associated with neurofibromatosis type 1.,,,,,,,AI validation - Sonnet 4.5
023ecb47-fa97-4c7b-85f9-161f33da4bbc,PMID:39016685,,Chemical genetic screens reveal defective lysosomal trafficking as synthetic lethal with NF1 loss.,,,,,,,AI validation - Sonnet 4.5
cee23d72-70ad-4737-b0cf-6ef0412beb72,PMID:39890807,,Global proteomics and affinity mass spectrometry analysis of human Schwann cells indicates that variation in and loss of neurofibromin (NF1) alters protein expression and cellular and mitochondrial metabolism.,,,,,,,AI validation - Sonnet 4.5
cbbf99df-db10-41dd-b2e0-ebf43120c659,PMID:40025578,,Development of CAR-T cell therapy for NF1/SWN-related nerve sheath tumor treatment.,,,,,,,AI validation - Sonnet 4.5
2ac18738-b59c-4914-b79c-5be2ad8788d1,PMID:40225167,,Functional Assays Combined with Pre-mRNA-Splicing Analysis Improve Variant Classification and Diagnostics for Individuals with Neurofibromatosis Type 1 and Legius Syndrome.,,,,,,,AI validation - Sonnet 4.5
640aa94f-52c2-4ef5-ab56-71a7cb87e720,PMID:40587782,,"A transcriptomic, proteomic, and functional genetic atlas dissects neurofibromin function in the peripheral nervous system.",,,,,,,AI validation - Sonnet 4.5
915f65b7-434b-4a7c-a1ea-8bef6f096304,PMID:41022755,,Development of an adeno-associated virus vector for gene replacement therapy of NF1-related tumors.,,,,,,,AI validation - Sonnet 4.5
a4fc8c27-0ab8-495b-a6c9-830f520b8d88,PMID:41149489,,Small Extracellular Vesicles Derived from NF2-Associated Schwannoma Cells Modulate Tumor Progression and Immunity via HSP90.,,,,,,,AI validation - Sonnet 4.5
f5d14200-1630-494d-8697-ed1529e43019,PMID:7499408,,"Inhibition of Ras/Raf interaction by anti-oncogenic mutants of neurofibromin, the neurofibromatosis type 1 (NF1) gene product, in cell-free systems.",,,,,,,AI validation - Sonnet 4.5
ad50afc1-4946-4a50-bdef-cb4861d0e22c,PMID:7505343,,"Modulation of the neurofibromatosis type 1 gene product, neurofibromin, during Schwann cell differentiation.",,,,,,,AI validation - Sonnet 4.5
d923b40b-93c7-477a-9f29-148dbaaf2968,PMID:7903272,,An EcoRI RFLP in the 5' region of the human NF1 gene.,,,,,,,AI validation - Sonnet 4.5
ed1e0945-2747-4848-ad32-6eebcfd3a11d,PMID:7947085,,"Frequency of allele loss of DCC, p53, RBI, WT1, NF1, NM23 and APC/MCC in colorectal cancer assayed by fluorescent multiplex polymerase chain reaction.",,,,,,,AI validation - Sonnet 4.5
05bf3632-5630-4203-a931-6688240f88bf,PMID:8089100,,An anti-Ras function of neurofibromatosis type 2 gene product (NF2/Merlin).,,,,,,,AI validation - Sonnet 4.5
79e431fc-fbd3-4d56-9cf4-4880955ba177,PMID:8176761,,Modulation of neurofibromatosis type 1 gene expression during in vitro myoblast differentiation.,,,,,,,AI validation - Sonnet 4.5
ee1bcb94-141e-436f-a7e8-3a719b7fb25f,PMID:8417346,,"A conserved alternative splice in the von Recklinghausen neurofibromatosis (NF1) gene produces two neurofibromin isoforms, both of which have GTPase-activating protein activity.",,,,,,,AI validation - Sonnet 4.5
88866a19-b7a6-4859-bdb8-5eed803c445e,PMID:8544190,,Characterisation of germline mutations in the neurofibromatosis type 1 (NF1) gene.,,,,,,,AI validation - Sonnet 4.5
e8f4bc69-78ad-4ea7-89ae-b34b6fc69d7b,PMID:8659521,,Genotyping of PCR-based polymorphisms and linkage-disequilibrium analysis at the NF1 locus.,,,,,,,AI validation - Sonnet 4.5
bce81b57-a094-460d-907d-51f0b6115bba,PMID:30348676,,"Cellular Origin, Tumor Progression, and Pathogenic Mechanisms of Cutaneous Neurofibromas Revealed by Mice With Nf1 Knockout in Boundary Cap Cells",,,,,,,AI validation - Sonnet 4.5
1a9050c3-beeb-4579-a3f8-7d870897395b,PMID:34237737,,"Mast Cells in Human Cutaneous Neurofibromas: Density, Subtypes, and Association with Clinical Features in Neurofibromatosis type 1.",,,,,,,AI validation - Sonnet 4.5
3d5ca1da-da96-4de4-a8ba-6971672f107b,PMID:29219400,,Cell-free DNA ultra-low-pass whole genome sequencing to distinguish malignant peripheral nerve sheath tumor (MPNST) from its benign precursor lesion: A cross-sectional study,,,,,,,AI validation - Sonnet 4.5
f95a72eb-5f2c-4dd0-ab89-258463c2fcdf,PMID:31462295,,Telomere alterations in neurofibromatosis type 1-associated solid tumors.,,,,,,,AI validation - Sonnet 4.5
3e1cbefc-0d69-4329-b3a7-ca56df1d6e14,PMID:38216587,,Epigenetic reprogramming shapes the cellular landscape of schwannoma,,,,,,,AI validation - Sonnet 4.5
980d8478-7188-494e-8d5b-a7b8d822cf5a,PMID:31527226,,"Ketotifen Modulates Mast Cell Chemotaxis to Kit-Ligand, but Does Not Impact Mast Cell Numbers, Degranulation, or Tumor Behavior in Neurofibromas of Nf1-Deficient Mice.",,,,,,,AI validation - Sonnet 4.5
2f37765d-e6ec-4410-9f00-c3e90a4881be,PMID:33591953,,Chromosome 8 gain is associated with high-grade transformation in MPNST.,,,,,,,AI validation - Sonnet 4.5
3e8ee74c-61ab-4da4-9b08-30fbf4a0009d,PMID:35244537,,Detection of malignant peripheral nerve sheath tumors in patients with neurofibromatosis using aneuploidy and mutation identification in plasma.,,,,,,,AI validation - Sonnet 4.5
a1941f06-d73b-410e-a5e0-f7c87918db18,PMID:35740680,,Therapeutic Vulnerability to ATR Inhibition in Concurrent NF1 and ATRX-Deficient/ALT-Positive High-Grade Solid Tumors.,,,,,,,AI validation - Sonnet 4.5
39e5bf86-1ac7-4522-94c6-e072a85e18cb,PMID:35945463,,Multiplatform molecular analyses refine classification of gliomas arising in patients with neurofibromatosis type 1.,,,,,,,AI validation - Sonnet 4.5
02bc27e1-d415-40a9-9565-5511796895b4,PMID:38744290,,A platform for rapid patient-derived cutaneous neurofibroma organoid establishment and screening.,,,,,,,AI validation - Sonnet 4.5
d839e5da-14f4-40ac-91e0-89c6da8a27db,PMID:syn30283982,,Protocol for high-intensity focused ultrasound (HIFU) treatment of cutaneous neurofibromas,,,,,,,AI validation - Sonnet 4.5
52776fd7-41cb-46b6-8932-48f7cd25f0bc,PMID:15681480,,Sensitive detection of deletions of one or more exons in the neurofibromatosis type 2 (NF2) gene by multiplexed gene dosage polymerase chain reaction.,,,,,,,AI validation - Sonnet 4.5
e3453400-c04a-45d9-a3c5-9bef3eb71911,PMID:18367665,,Induction of apoptosis in neurofibromatosis type 1 malignant peripheral nerve sheath tumor cell lines by a combination of novel farnesyl transferase inhibitors and lovastatin.,,,,,,,AI validation - Sonnet 4.5
9b2b79cd-e24e-45c7-a868-bb441416e584,PMID:18445079,,Altered adhesive structures and their relation to RhoGTPase activation in merlin-deficient Schwannoma.,,,,,,,AI validation - Sonnet 4.5
5b99f4ae-66ed-44e9-a2c9-fa403237f798,PMID:18483311,,Effective in vivo targeting of the mammalian target of rapamycin pathway in malignant peripheral nerve sheath tumors.,,,,,,,AI validation - Sonnet 4.5
d87dbe50-9479-4063-a462-edef6092b237,PMID:18927496,,Suppression of proliferation of two independent NF1 malignant peripheral nerve sheath tumor cell lines by the pan-ErbB inhibitor CI-1033.,,,,,,,AI validation - Sonnet 4.5
eb2a4214-82f5-4ddf-b6e9-5cfa159b00ca,PMID:18953429,,"The neurofibromatosis 2 tumor suppressor gene product, merlin, regulates human meningioma cell growth by signaling through YAP.",,,,,,,AI validation - Sonnet 4.5
10c45730-a0b2-4c2f-a296-5eab1969aac0,PMID:19282654,,"Tranilast, an anti-allergic drug, down-regulates the growth of cultured neurofibroma cells derived from neurofibromatosis type 1.",,,,,,,AI validation - Sonnet 4.5
68493b22-2b32-4f50-a935-2d79dc93e536,PMID:20739432,,Gene expression analysis identifies potential biomarkers of neurofibromatosis type 1 including adrenomedullin.,,,,,,,AI validation - Sonnet 4.5
8331a174-81bd-4ec8-bdd5-dbb915934ed3,PMID:21111000,,A novel imaging-compatible sciatic nerve schwannoma model.,,,,,,,AI validation - Sonnet 4.5
d7290cca-35a5-46a0-a551-20010780d5ea,PMID:21460792,,Orthotopic xenografting of human luciferase-tagged malignant peripheral nerve sheath tumor cells for in vivo testing of candidate therapeutic agents.,,,,,,,AI validation - Sonnet 4.5
0c32053b-c5ed-4891-b24a-eb688788a197,PMID:22550514,,Skin-derived precursor cells as an in vitro modelling tool for the study of type 1 neurofibromatosis.,,,,,,,AI validation - Sonnet 4.5
f65f72c8-2feb-43ac-b74e-80baadd42878,PMID:22942771,,Secretome survey of human plexiform neurofibroma derived Schwann Cells reveals a secreted form of the RARRES1 protein.,,,,,,,AI validation - Sonnet 4.5
63c4a38b-0509-4a2d-8b7a-e3ea1c8edd37,PMID:23239959,,Partial Blindness to Submicron Topography in NF1 Haploinsufficient Cultured Fibroblasts Indicates a New Function of Neurofibromin in Regulation of Mechanosensoric.,,,,,,,AI validation - Sonnet 4.5
cc66d7c1-230e-4366-ab84-393311006ed4,PMID:23358504,,Integrated proteomics identified novel activation of dynein IC2-GR-COX-1 signaling in neurofibromatosis type I (NF1) disease model cells.,,,,,,,AI validation - Sonnet 4.5
29c5c7d1-f28e-491d-a0b6-2c93d6ca43ac,PMID:24040940,,Molecular-guided therapy predictions reveal drug resistance phenotypes and treatment alternatives in malignant peripheral nerve sheath tumors.,,,,,,,AI validation - Sonnet 4.5
a62b8368-e7e8-44e1-9596-624f3f19afea,PMID:24786638,,Analyses of merlin/NF2 connection to FAK inhibitor responsiveness in serous ovarian cancer.,,,,,,,AI validation - Sonnet 4.5
cbe659ec-300e-40bd-bdd0-ae1d826fbf60,PMID:24824755,,BNIP3 regulates AT101 [(-)-gossypol] induced death in malignant peripheral nerve sheath tumor cells.,,,,,,,AI validation - Sonnet 4.5
b315b029-86f7-4bde-b72f-ced45327a606,PMID:25340526,,Nilotinib is more potent than imatinib for treating plexiform neurofibroma in vitro and in vivo.,,,,,,,AI validation - Sonnet 4.5
642cf4e8-8087-4d24-9187-c49e901f46dd,PMID:25360213,,A chemical biology approach identified PI3K as a potential therapeutic target for neurofibromatosis type 2.,,,,,,,AI validation - Sonnet 4.5
83389499-1830-49ba-a8e3-e25d04dcde83,PMID:25851896,,Preclinical assessment of the anticancer drug response of plexiform neurofibroma tissue using primary cultures.,,,,,,,AI validation - Sonnet 4.5
92008d1a-7c25-44bd-a1df-62d0959f0d01,PMID:26150484,,In vitro modeling of hyperpigmentation associated to neurofibromatosis type 1 using melanocytes derived from human embryonic stem cells.,,,,,,,AI validation - Sonnet 4.5
c668995a-f751-4dff-af3f-20aab3e19e1a,PMID:26549023,,"The scaffold protein KSR1, a novel therapeutic target for the treatment of Merlin-deficient tumors.",,,,,,,AI validation - Sonnet 4.5
23f0b2d6-b887-4f62-95b6-e2eb5c406436,PMID:29137242,,Immune profiling of NF1-associated tumors reveals histologic subtype distinctions and heterogeneity: implications for immunotherapy.,,,,,,,AI validation - Sonnet 4.5
95b8cade-1aef-4fb4-a521-e700c45bc0e2,PMID:29941005,,Increased extracellular matrix deposition during chondrogenic differentiation of dental pulp stem cells from individuals with neurofibromatosis type 1: an in vitro 2D and 3D study.,,,,,,,AI validation - Sonnet 4.5
cbba3d42-4965-4bbd-b108-7fb06ee9b990,PMID:32948135,,Anti-cancer agent 3-bromopyruvate reduces growth of MPNST and inhibits metabolic pathways in a representative in-vitro model.,,,,,,,AI validation - Sonnet 4.5
29a31817-ea76-4788-9eeb-ec94b541291f,PMID:33160273,,Modeling tumors of the peripheral nervous system associated with Neurofibromatosis type 1: Reprogramming plexiform neurofibroma cells.,,,,,,,AI validation - Sonnet 4.5
52bcf30d-2fad-45bf-bdf3-f4c353e80df8,PMID:33356508,,C6 Cell Injection into the Optic Nerve of Long-Evans Rats: A Short-Term Model of Optic Pathway Gliomas.,,,,,,,AI validation - Sonnet 4.5
43ab1371-2ae3-413d-b38e-3938b759c5b6,PMID:34352618,,Characterization of UMi031-A-2 inducible pluripotent stem cell line with a neurofibromatosis type 2-associated mutation.,,,,,,,AI validation - Sonnet 4.5
99ac1333-a613-4ed3-878d-b66f10c66e6b,PMID:36976677,,Generation of human iPSC-derived neurofibromaspheres for in vitro and in vivo uses.,,,,,,,AI validation - Sonnet 4.5
84a1ac5f-5652-4ca9-910d-238ba563fef6,PMID:37446790,,Icariin Promotes Osteogenic Differentiation in a Cell Model with NF1 Gene Knockout by Activating the cAMP/PKA/CREB Pathway.,,,,,,,AI validation - Sonnet 4.5
e14f38a2-e409-4399-b92b-7c4adc06150d,PMID:38127282,,Spatial Gene-Expression Profiling Unveils Immuno-oncogenic Programs of NF1-Associated Peripheral Nerve Sheath Tumor Progression.,,,,,,,AI validation - Sonnet 4.5
5867d2c3-8317-409a-ab30-b742557fa3bc,PMID:38201517,,Synergistic Suppression of NF1 Malignant Peripheral Nerve Sheath Tumor Cell Growth in Culture and Orthotopic Xenografts by Combinational Treatment with Statin and Prodrug Farnesyltransferase Inhibitor PAMAM G4 Dendrimers.,,,,,,,AI validation - Sonnet 4.5
e2f113f9-d838-4ffe-8396-1b091df5d941,PMID:39061138,,A Fibroblast-Derived Secretome Stimulates the Growth and Invasiveness of 3D Plexiform Neurofibroma Spheroids.,,,,,,,AI validation - Sonnet 4.5
a28b5230-12ab-4539-a3f7-9ec6ceef1d0a,PMID:39620202,,Multiomic analyses reveal new targets of polycomb repressor complex 2 in Schwann lineage cells and malignant peripheral nerve sheath tumors.,,,,,,,AI validation - Sonnet 4.5
1e1ef608-2d23-4a1b-919e-357b3daa62fb,PMID:40862755,,Fibroblasts Attenuate Anti-Tumor Drug Efficacy in Tumor Cells via Paracrine Interactions with Tumor Cells in 3D Plexiform Neurofibroma Cultures.,,,,,,,AI validation - Sonnet 4.5
70928655-4b69-4c08-a6be-d8aebf2a1fdf,PMID:41001593,,Loss of Schwann cell's normal rhythmic core clock gene expression and gain of rhythmic expression of oncogenic driver genes in malignant NF1-associated peripheral nerve sheath tumor.,,,,,,,AI validation - Sonnet 4.5
078e770e-b4b3-4ce3-83d3-5541086b7612,PMID:41496278,,Simultaneous reprogramming and gene correction to generate six iPSC lines and isogenic controls from individuals with neurofibromatosis type 1.,,,,,,,AI validation - Sonnet 4.5
d4793367-ad8c-4390-a8bd-a47c9524767f,PMID:41564118,,Immortalization and characterization of Schwann cell lines derived from NF1-associated cutaneous neurofibromas.,,,,,,,AI validation - Sonnet 4.5
91c5ced3-2f4e-4815-8f98-12a6d7322664,PMID:6451216,,An enzyme activity in normal and ataxia telangiectasia cell lines which is involved in the repair of gamma-irradiation-induced DNA damage.,,,,,,,AI validation - Sonnet 4.5
d748f098-9cda-4fb4-a504-fd7024957114,PMID:7485397,,Neurofibromatosis type 2 protein co-localizes with elements of the cytoskeleton.,,,,,,,AI validation - Sonnet 4.5
8e5970f7-b327-4b1b-954c-d04781afee87,PMID:7706208,,An exon 8-spliced out transcript of neurofibromatosis 2 gene is constitutively expressed in various human tissues.,,,,,,,AI validation - Sonnet 4.5
edf3ae83-0b7e-4c39-a2fa-0d41968526dc,PMID:7996175,,Hepatocyte growth factor is a mitogen for Schwann cells and is present in neurofibromas.,,,,,,,AI validation - Sonnet 4.5
17406e37-8f85-47d3-99d1-860aa9cce9b1,PMID:32383545,,Hexokinase 2 displacement from mitochondria-associated membranes prompts Ca2+-dependent death of cancer cells,,,,,,,AI validation - Sonnet 4.5
079c5eb3-efc0-429b-8484-b308b3261c5d,PMID:33585982,,Integrated molecular and clinical analysis of low-grade gliomas in children with neurofibromatosis type 1 (NF1).,,,,,,,AI validation - Sonnet 4.5
5543330c-960e-4ec8-a94f-c5b9de074b9b,PMID:33934112,,HIF1a-dependent induction of the mitochondrial chaperone TRAP1 regulates bioenergetic adaptations to hypoxia.,,,,,,,AI validation - Sonnet 4.5
5578e52d-b390-4cb8-a0e6-029754f12c51,PMID:34694046,,Analysis of patient-specific NF1 variants leads to functional insights for Ras signaling that can impact personalized medicine,,,,,,,AI validation - Sonnet 4.5
6ca5ea15-bf9a-4c23-9a62-672acea3b06f,PMID:38175707,,Unbalancing cAMP and Ras/MAPK pathways as a therapeutic strategy for cutaneous neurofibromas,,,,,,,AI validation - Sonnet 4.5
28d9500c-0a30-402d-81be-3edebaac0c6e,PMID:38000020,,DK4/6 inhibition enhances SHP2 inhibitor efficacy and is dependent upon RB function in malignant peripheral nerve sheath tumors,,,,,,,AI validation - Sonnet 4.5
b5499445-6aa4-44a7-a257-221a0ddae9d9,PMID:37616542,,"Pro-905, a Novel Purine Antimetabolite, Combines with Glutamine Amidotransferase Inhibition to Suppress Growth of Malignant Peripheral Nerve Sheath Tumor",,,,,,,AI validation - Sonnet 4.5
ca1fbbbc-835c-44d6-bb3d-f96b8b94adbd,PMID:35789380,,PRC2-Inactivating Mutations in Cancer Enhance Cytotoxic Response to DNMT1-Targeted Therapy via Enhanced Viral Mimicry.,,,,,,,AI validation - Sonnet 4.5
982957da-4afa-495d-bab5-830a203ac7b7,PMID:38907342,,"snRNA-seq of human cutaneous neurofibromas before and after selumetinib treatment implicates role of altered Schwann cell states, inter-cellular signaling, and extracellular matrix in treatment response",,,,,,,AI validation - Sonnet 4.5
7da9df49-37b0-46d8-9946-a365349e5465,PMID:39472976,,NF1 expression profiling in IDH-wildtype glioblastoma: genomic associations and survival outcomes.,,,,,,,AI validation - Sonnet 4.5
e3eb8b4f-ca56-4414-9fd9-cb9e450c6fe1,PMID:38714355,,MEK Inhibition Enhances the Antitumor Effect of Radiotherapy in NF1-Deficient Glioblastoma.,,,,,,,AI validation - Sonnet 4.5
370e6ae7-b764-41f9-a318-f0bdaab9f872,PMID:1946460,,Identification and characterization of the neurofibromatosis type 1 protein product.,,,,,,,AI validation - Sonnet 4.5
861ffb8b-564a-4cd8-a9e3-e44e20fd7928,PMID:33436083,,Distinctive epigenomic alterations in NF1-deficient cutaneous and plexiform neurofibromas drive differential MKK/p38 signaling.,,,,,,,AI validation - Sonnet 4.5
ffb937dd-46e1-47f7-8641-c11d506ef101,PMID:38387803,,Development of a vestibular schwannoma tumor slice model for pharmacological testing.,,,,,,,AI validation - Sonnet 4.5
4af7b125-d828-41b5-9e16-f8ca45c6baeb,PMID:40394150,,Mass spectrometric insights into the protein composition of human cutaneous neurofibromas: comparison of neurofibromas with the overlying skin.,,,,,,,AI validation - Sonnet 4.5
1246132a-e31f-4fec-9f55-636c004c2d6e,PMID:29796169,,Aberrant ATRX protein expression is associated with poor overall survival in NF1-MPNST.,,,,,,,AI validation - Sonnet 4.5
7209c635-a014-42b7-9d41-1ebc92f8b9d4,PMID:37949359,,Characterization of Immune Cell Populations of Cutaneous Neurofibromas in Neurofibromatosis 1,,,,,,,AI validation - Sonnet 4.5
936c4b86-cc23-4ede-98fd-109baef9f2a3,PMID:39321200,,Multidimensional Immunotyping of Human NF1-Associated Peripheral Nerve Sheath Tumors Uncovers Tumor-Associated Macrophages as Key Drivers of Immune Evasion in the Tumor Microenvironment,,,,,,,AI validation - Sonnet 4.5
d81cb581-1645-43b5-ba8a-6d007036c3ca,PMID:15240917,,Survival of Human Neurofibroma in Immunodeficient Mice and Initial Results of Therapy With Pirfenidone.,,,,,,,AI validation - Sonnet 4.5
6489a241-7e03-44e2-b8d3-e9e21f12ef41,PMID:23328114,,Genomic imbalance of HMMR/RHAMM regulates the sensitivity and response of malignant peripheral nerve sheath tumour cells to aurora kinase inhibition.,,,,,,,AI validation - Sonnet 4.5
2731137c-7dfa-4002-86a5-00c21abd0c92,PMID:24848258,,Merlin deficiency predicts FAK inhibitor sensitivity: a synthetic lethal relationship.,,,,,,,AI validation - Sonnet 4.5
77ac1a90-9b3c-4ec4-8def-9081e4d79ae0,PMID:35511749,,A High-Throughput Screening Platform Identifies Novel Combination Treatments for Malignant Peripheral Nerve Sheath Tumors.,,,,,,,AI validation - Sonnet 4.5
afbf2dcc-370b-449f-a634-27f1e06f3c66,PMID:37246765,,Ex vivo to in vivo model of malignant peripheral nerve sheath tumors for precision oncology.,,,,,,,AI validation - Sonnet 4.5
07784dae-be58-4cfd-99c1-cd1fbb88a9ad,PMID:18218617,,"Neurofibromatosis type 1 (NF1) tumor suppressor, neurofibromin, regulates the neuronal differentiation of PC12 cells via its associating protein, CRMP-2.",,,,,,,AI validation - Sonnet 4.5
da002355-3930-4d0c-b33f-7d83efdb0c60,PMID:18632543,,Effect of simvastatin on cognitive functioning in children with neurofibromatosis type 1: a randomized controlled trial.,,,,,,,AI validation - Sonnet 4.5
26bfcda6-d172-4521-aa57-9746f082456a,PMID:19430883,,Suggested response criteria for phase II antitumor drug studies for neurofibromatosis type 2 related vestibular schwannoma.,,,,,,,AI validation - Sonnet 4.5
ad80f0a0-1c03-4b24-a8f5-9d8de4789a45,PMID:20428190,,NF-1Score: a prediction score for internal neurofibromas in neurofibromatosis-1.,,,,,,,AI validation - Sonnet 4.5
c4bab176-cd13-45eb-bd9f-d5c3ed632ad6,PMID:21963267,,Choroidal abnormalities detected by near-infrared reflectance imaging as a new diagnostic criterion for neurofibromatosis 1.,,,,,,,AI validation - Sonnet 4.5
1b59dd08-3fe5-4343-9fa9-7fdff70978c8,PMID:23432799,,"Development of the adult PedsQL™ neurofibromatosis type 1 module: initial feasibility, reliability and validity.",,,,,,,AI validation - Sonnet 4.5
5f6e6a27-6ad0-4688-ac9d-7acdc93f8c5b,PMID:24249802,,Functional outcome measures for NF1-associated optic pathway glioma clinical trials.,,,,,,,AI validation - Sonnet 4.5
95daed3c-8018-4ce2-9c4c-fd6b993d46b5,PMID:24249806,,Patient-reported outcomes in neurofibromatosis and schwannomatosis clinical trials.,,,,,,,AI validation - Sonnet 4.5
13355c42-8dc5-4529-bec4-803a4196b2b7,PMID:24500418,,"Phase 2 randomized, flexible crossover, double-blinded, placebo-controlled trial of the farnesyltransferase inhibitor tipifarnib in children and young adults with neurofibromatosis type 1 and progressive plexiform neurofibromas.",,,,,,,AI validation - Sonnet 4.5
0c7bf0ac-c9d0-43a4-aad0-0c98f2e0fac0,PMID:24559228,,Abnormal late visual responses and alpha oscillations in neurofibromatosis type 1: a link to visual and attention deficits.,,,,,,,AI validation - Sonnet 4.5
7f97b7e6-3e8a-431e-86a9-0735305f9973,PMID:24619350,,Longitudinal evaluation of quality of life in 288 patients with neurofibromatosis 2.,,,,,,,AI validation - Sonnet 4.5
1726ae14-355d-42e4-ac6a-5ea004304573,PMID:25475340,,Validity and interexaminer reliability of a new method to quantify skin neurofibromas of neurofibromatosis 1 using paper frames.,,,,,,,AI validation - Sonnet 4.5
c17e6d47-4308-4bd8-b3b7-cf9090fa257c,PMID:27081657,,A randomized placebo-controlled lovastatin trial for neurobehavioral function in neurofibromatosis I.,,,,,,,AI validation - Sonnet 4.5
6a76f509-7bba-42c7-b5f4-e69708986772,PMID:27458360,,COMT Val(158)Met Polymorphism Is Associated with Verbal Working Memory in Neurofibromatosis Type 1.,,,,,,,AI validation - Sonnet 4.5
5d0ac96a-6533-4444-b27c-59c95bd0fcb7,PMID:27527646,,Neurocognitive outcomes in neurofibromatosis clinical trials: Recommendations for the domain of attention.,,,,,,,AI validation - Sonnet 4.5
5505f73c-a569-4aa2-a548-d42624850377,PMID:27527648,,Patient-reported outcomes of pain and physical functioning in neurofibromatosis clinical trials.,,,,,,,AI validation - Sonnet 4.5
995001a9-08cc-4103-bc77-7a808e73e1df,PMID:27760236,,Disease Burden and Symptom Structure of Autism in Neurofibromatosis Type 1: A Study of the International NF1-ASD Consortium Team (INFACT).,,,,,,,AI validation - Sonnet 4.5
c8344d67-b0ae-457c-a821-3f554881f469,PMID:27815398,,Optic pathway glioma volume predicts retinal axon degeneration in neurofibromatosis type 1.,,,,,,,AI validation - Sonnet 4.5
6897443b-d428-46a4-ab70-0ef08700dc23,PMID:27956565,,Randomized placebo-controlled study of lovastatin in children with neurofibromatosis type 1.,,,,,,,AI validation - Sonnet 4.5
2c0187bd-0653-410c-a642-9195ee7b77ae,PMID:28193237,,Evaluation of quality of life in adults with neurofibromatosis 1 (NF1) using the Impact of NF1 on Quality Of Life (INF1-QOL) questionnaire.,,,,,,,AI validation - Sonnet 4.5
cd58b18e-5220-4360-bb8e-0adc87573f25,PMID:28644838,,"Characterization and utilization of an international neurofibromatosis web-based, patient-entered registry: An observational study.",,,,,,,AI validation - Sonnet 4.5
4e1da3e5-53df-4840-808b-a6aaeabc15e2,PMID:28725547,,Spatial working memory in neurofibromatosis 1: Altered neural activity and functional connectivity.,,,,,,,AI validation - Sonnet 4.5
5da7bac9-62f5-46ab-89e3-1923637f1a88,PMID:28735371,,Identifying Symptoms of Distress in Youth Living with Neurofibromatosis Type 1 (NF1).,,,,,,,AI validation - Sonnet 4.5
873a04d8-4963-44b5-8a7d-dd987b6a0580,PMID:28848060,,Genetic Severity Score predicts clinical phenotype in NF2.,,,,,,,AI validation - Sonnet 4.5
05eff6a5-6981-45fe-9bba-f7f477407a2e,PMID:29566645,,"Oscillatory motor patterning is impaired in neurofibromatosis type 1: a behavioural, EEG and fMRI study.",,,,,,,AI validation - Sonnet 4.5
420a5c63-e99f-4ab5-80df-71c2c86fb19c,PMID:30192842,,Use of machine learning to predict cognitive performance based on brain metabolism in Neurofibromatosis type 1.,,,,,,,AI validation - Sonnet 4.5
5a3aacc4-8dd8-46a0-95c5-e9bc988418f2,PMID:31053133,,Burden of adult neurofibromatosis 1: development and validation of a burden assessment tool.,,,,,,,AI validation - Sonnet 4.5
e58c1b7c-b437-4ef5-b503-ecce940103a9,PMID:31558455,,Understanding autism spectrum disorder and social functioning in children with neurofibromatosis type 1: protocol for a cross-sectional multimodal study.,,,,,,,AI validation - Sonnet 4.5
3ce8c14c-5cbe-45cf-8cbd-ca8c0fa7c3d3,PMID:32406525,,Autism and attention-deficit/hyperactivity disorders and symptoms in children with neurofibromatosis type 1.,,,,,,,AI validation - Sonnet 4.5
0d4d87e8-31c5-446c-9a22-e270dc6f4e33,PMID:32642740,,Quality of life in patients with neurofibromatosis type 1 and 2 in Canada.,,,,,,,AI validation - Sonnet 4.5
cd9a1e3b-f04f-4ab1-a6d2-8860d79fa82e,PMID:33085177,,The development of the PlexiQoL: A patient-reported outcome measure for adults with neurofibromatosis type 1-associated plexiform neurofibromas.,,,,,,,AI validation - Sonnet 4.5
3ea5dd85-eeca-42de-b09d-363436faf971,PMID:33197677,,Effects of a mind-body program on symptoms of depression and perceived stress among adults with neurofibromatosis type 2 who are deaf: A live-video randomized controlled trial.,,,,,,,AI validation - Sonnet 4.5
efb7af8f-e854-469d-8f1a-76ba8df5f294,PMID:33507822,,NF106: A Neurofibromatosis Clinical Trials Consortium Phase II Trial of the MEK Inhibitor Mirdametinib (PD-0325901) in Adolescents and Adults With NF1-Related Plexiform Neurofibromas.,,,,,,,AI validation - Sonnet 4.5
8520e13f-4a6d-4da5-b667-748741550259,PMID:33817379,,Clinical assessment of the use of topical liquid diclofenac following laser microporation of cutaneous neurofibromas in individuals with neurofibromatosis type 1.,,,,,,,AI validation - Sonnet 4.5
8ac7b77a-df36-4f0c-aa9e-9693d7bcf35e,PMID:33963966,,Cognitive and Electrophysiological Correlates of Working Memory Impairments in Neurofibromatosis Type 1.,,,,,,,AI validation - Sonnet 4.5
c7c368b8-8009-4463-85bb-432b544d477f,PMID:34049498,,Early differences in auditory processing relate to Autism Spectrum Disorder traits in infants with Neurofibromatosis Type I.,,,,,,,AI validation - Sonnet 4.5
d76594a4-7327-4f31-91d7-be034c89eea4,PMID:34155781,,L-carnitine supplementation for muscle weakness and fatigue in children with neurofibromatosis type 1: A Phase 2a clinical trial.,,,,,,,AI validation - Sonnet 4.5
314387ae-7f8b-4cfe-81f3-3f777917ba8f,PMID:34230196,,Reliability of Handheld Dynamometry to Measure Focal Muscle Weakness in Neurofibromatosis Types 1 and 2.,,,,,,,AI validation - Sonnet 4.5
8508831e-726e-41c3-a7e8-eb40ea224388,PMID:34230198,,Current Recommendations for Patient-Reported Outcome Measures Assessing Domains of Quality of Life in Neurofibromatosis Clinical Trials.,,,,,,,AI validation - Sonnet 4.5
e2e5a673-f12d-441d-a923-e21f06bdd604,PMID:34230203,,Patient Report of Hearing in Neurofibromatosis Type 2: Recommendations for Clinical Trials.,,,,,,,AI validation - Sonnet 4.5
5f8cf44c-39b2-4b6c-a22f-edf672f4737c,PMID:34230204,,Measuring the Effect of Cutaneous Neurofibromas on Quality of Life in Neurofibromatosis Type 1.,,,,,,,AI validation - Sonnet 4.5
42e63201-76e2-4bf1-8cb8-d1befe040734,PMID:34230205,,Recommendations for Social Skills End Points for Clinical Trials in Neurofibromatosis Type 1.,,,,,,,AI validation - Sonnet 4.5
cba29b49-5637-41f4-a1b4-aeb306d06ad1,PMID:34230208,,Enhancing Neurofibromatosis Clinical Trial Outcome Measures Through Patient Engagement: Lessons From REiNS.,,,,,,,AI validation - Sonnet 4.5
009d2795-8c2a-48ea-ae61-c3876e997a2d,PMID:34377779,,Impact of MEK Inhibitor Therapy on Neurocognitive Functioning in NF1.,,,,,,,AI validation - Sonnet 4.5
ed86503b-3ce0-4f8c-ab93-fc7ece8fa76b,PMID:34664663,,Longitudinal Investigation of Early Motor Development in Neurofibromatosis Type 1.,,,,,,,AI validation - Sonnet 4.5
de694934-4c2f-4072-9398-765ab3c3a373,PMID:35332608,,Re-evaluation of missense variant classifications in NF2.,,,,,,,AI validation - Sonnet 4.5
95960f88-9439-42ed-8d6e-dce05ffb7bc4,PMID:35723774,,A randomized controlled trial of remote microphone listening devices to treat auditory deficits in children with neurofibromatosis type 1.,,,,,,,AI validation - Sonnet 4.5
f0c2ab83-dbd1-4dbf-bd6c-0d910906c022,PMID:36604703,,The German version of the neurofibromatosis 2 impact on quality of life questionnaire correlates with severity of depression and physician-reported disease severity.,,,,,,,AI validation - Sonnet 4.5
4a7aac04-f435-414e-b7d8-e81b0e828fe9,PMID:37276689,,Health-related quality of life of children with neurofibromatosis type 1: Analysis of proxy-rated PedsQL and CHQ questionnaires.,,,,,,,AI validation - Sonnet 4.5
40fc5847-58e4-49f9-92c5-3f95a9a32534,PMID:37353850,,Burden of adult neurofibromatosis 1 questionnaire: translation and psychometric properties of the Persian version.,,,,,,,AI validation - Sonnet 4.5
ef42e83f-658e-4987-a3d1-3eb6616f8b01,PMID:37378983,,Effect of Mind-Body Skills Training on Quality of Life for Geographically Diverse Adults With Neurofibromatosis: A Fully Remote Randomized Clinical Trial.,,,,,,,AI validation - Sonnet 4.5
d39e9375-2aa6-4b9e-b5af-ddfe99698a91,PMID:37440099,,The impact of a virtual mind-body program on resilience factors among international English-speaking adults with neurofibromatoses: secondary analysis of a randomized clinical trial.,,,,,,,AI validation - Sonnet 4.5
d71a03f4-44d8-46a6-a0c9-ee09f73b4ad9,PMID:37608248,,Aberrant oscillatory activity in neurofibromatosis type 1: an EEG study of resting state and working memory.,,,,,,,AI validation - Sonnet 4.5
b706c715-7f13-43db-abb6-4ffd772251c7,PMID:38140900,,Recommendations for assessing appearance concerns related to plexiform and cutaneous neurofibromas in neurofibromatosis 1 clinical trials.,,,,,,,AI validation - Sonnet 4.5
29d999f6-85bf-4a6b-8a79-885e183910e3,PMID:38321701,,Patient-reported measures of tinnitus for individuals with neurofibromatosis type 2-related schwannomatosis: Recommendations for clinical trials.,,,,,,,AI validation - Sonnet 4.5
dd49dd3f-9189-4eb0-9635-491848fdbbe4,PMID:38499890,,"The PlexiQoL, a patient-reported outcome measure on quality of life in neurofibromatosis type 1-associated plexiform neurofibroma: translation, cultural adaptation and validation into the Dutch language for the Netherlands.",,,,,,,AI validation - Sonnet 4.5
67b4a2c5-0cb8-4fe1-88f0-4f540f77664a,PMID:38811427,,Quality of life in individuals with neurofibromatosis type 1 associated cutaneous neurofibromas: validation of the Dutch cNF-Skindex.,,,,,,,AI validation - Sonnet 4.5
860087d3-6474-44db-9642-289d1cf5f5f7,PMID:38990917,,Optical coherence tomography of the macular ganglion cell layer in children with neurofibromatosis type 1 is a useful tool in the assessment for optic pathway gliomas.,,,,,,,AI validation - Sonnet 4.5
337d87fb-036d-4340-b636-a6b5c6a034a3,PMID:39225289,,Comparing 3D imaging devices for the measurement of cutaneous neurofibromas in patients with Neurofibromatosis Type 1.,,,,,,,AI validation - Sonnet 4.5
cca67a2a-3bcd-4331-8934-0c89df65d93e,PMID:39824854,,Comparison of 1D and 3D volume measurement techniques in NF2-associated vestibular schwannoma monitoring.,,,,,,,AI validation - Sonnet 4.5
dbb0485e-3b2a-4a47-a5d7-71dafe16cae3,PMID:39966622,,The development of an artificial intelligence auto-segmentation tool for 3D volumetric analysis of vestibular schwannomas.,,,,,,,AI validation - Sonnet 4.5
d3abffe2-4436-484d-9e66-1e0722e173b5,PMID:40299482,,Sleep Disorders in Pediatric Patients Affected by Neurofibromatosis Type 1: Reports of a Questionnaire and an Apple Watch Sleep Assessment.,,,,,,,AI validation - Sonnet 4.5
8dfd4203-70a1-4ce5-8997-424f2623d664,PMID:40304934,,Development of patient reported outcome measures assessing tumor pain intensity and tumor pain interference for individuals with neurofibromatosis type 1 and plexiform neurofibromas: qualitative findings.,,,,,,,AI validation - Sonnet 4.5
b9052f9d-5778-41ef-82cf-b444f81e5b6d,PMID:40437318,,Quantitative MRI of dorsal root ganglion alterations in neurofibromatosis type 1 patients with or without pain.,,,,,,,AI validation - Sonnet 4.5
3e0b5bc1-5823-4ace-b4c2-1c1ad3d18771,PMID:40529476,,Using Durometers to Quantify Stiffness as an Outcome Measure for Cutaneous Neurofibroma in Neurofibromatosis Type 1.,,,,,,,AI validation - Sonnet 4.5
48bd2078-41fb-40d3-abaf-8271c82abded,PMID:40737523,,Clinician Perspectives of a Magnetic Resonance Imaging-Based 3D Volumetric Analysis Tool for Neurofibromatosis Type 2-Related Schwannomatosis: Qualitative Pilot Study.,,,,,,,AI validation - Sonnet 4.5
0eda715e-91aa-4580-b6fa-c6dbd4315a43,PMID:40896930,,High resolution nerve ultrasound in neurofibromatosis type 1: a prospective and descriptive study.,,,,,,,AI validation - Sonnet 4.5
0d7ce15f-fe82-4fe0-8f1b-aac4b3dae534,PMID:41468561,,NF1-Specific Growth Charts for Head Circumference Over the First 3 Years of Life.,,,,,,,AI validation - Sonnet 4.5
caa2df46-1f17-48d1-9c64-d02009c6c255,PMID:41602242,,Perspectives of Patients and Providers on Chronic Pain Assessment in Neurofibromatosis Type 1 (NF1): A Qualitative Study.,,,,,,,AI validation - Sonnet 4.5
2a2e9129-a95f-4f6a-a2c3-02b97b29043c,PMID:6203987,,Neurofibromatosis of von Recklinghausen: a quantitative study of the epidermal keratinocyte and melanocyte populations.,,,,,,,AI validation - Sonnet 4.5
f2153c4e-4eea-4822-a75c-bc5c208af8f9,PMID:28078640,,"Development of the pediatric quality of life inventory neurofibromatosis type 1 module items for children, adolescents and young adults: qualitative methods.",,,,,,,AI validation - Sonnet 4.5
c5ec7451-55e1-4c1e-b2cf-64a17d557cdd,PMID:28198162,,"The health-related quality of life of children, adolescents, and young adults with neurofibromatosis type 1 and their families: Analysis of narratives.",,,,,,,AI validation - Sonnet 4.5
684e8f8d-0487-413d-906e-be1e04be6c44,PMID:30298332,,Lifespan Development: Symptoms Experienced by Individuals with Neurofibromatosis Type 1 Associated Plexiform Neurofibromas from Childhood into Adulthood.,,,,,,,AI validation - Sonnet 4.5
8b5795c2-3b0a-448c-9795-c815a9bab6c4,PMID:30413310,,Patient Reported Outcomes Measurement Information System and Quality of Life in Neurological Disorders Measurement System to Evaluate Quality of Life for Children and Adolescents with Neurofibromatosis Type 1 Associated Plexiform Neurofibroma.,,,,,,,AI validation - Sonnet 4.5
cc0eeac4-17bf-4370-9cbe-0557e64d0b77,PMID:32847704,,Cognitive functioning and pain interference mediate pain predictive effects on health-related quality of life in pediatric patients with Neurofibromatosis Type 1,,,,,,,AI validation - Sonnet 4.5
72c9f145-c979-4bf4-b8c1-676b7f517ab2,PMID:31081992,,"Speech difficulties and patient health communication mediating effects on worry and health-related quality of life in children, adolescents, and young adults with Neurofibromatosis Type 1",,,,,,,AI validation - Sonnet 4.5
faaade2d-60e8-4e6d-ae08-a3da874000a2,PMID:29273891,,"PedsQL Neurofibromatosis Type 1 Module for children, adolescents and young adults: feasibility, reliability, and validity",,,,,,,AI validation - Sonnet 4.5
a36ece22-312a-4d79-a304-8019606b3d6f,PMID:30465317,,"Pain, skin sensations symptoms, and cognitive functioning predictors of health-related quality of life in pediatric patients with Neurofibromatosis Type 1",,,,,,,AI validation - Sonnet 4.5
1b008bc9-943b-4276-93a8-5b0291d42b85,PMID:32642741,,Effect of age and neurofibromatosis type 1 status on white matter integrity in the optic radiations,,,,,,,AI validation - Sonnet 4.5
9ce4a9b5-cc78-44f3-9280-62667125126e,PMID:32572180,,Late morbidity and mortality in adult survivors of childhood glioma with neurofibromatosis type 1: report from the Childhood Cancer Survivor Study,,,,,,,AI validation - Sonnet 4.5
2c69170e-e604-409d-9603-ff2cad8bf038,PMID:31038470,,Robust surgical approach for cutaneous neurofibroma in neurofibromatosis type 1,,,,,,,AI validation - Sonnet 4.5
ab4fa7c5-7fcc-4618-a346-3c8145c8569d,PMID:29987133,,Clinical trial design for cutaneous neurofibromas,,,,,,,AI validation - Sonnet 4.5
05ca7957-9c64-4645-8509-718578f63b6b,PMID:34230202,,Perspective of Adults With Neurofibromatosis type 1 and Cutaneous Neurofibromas,,,,,,,AI validation - Sonnet 4.5
143ee9c0-cbc5-4cad-8e43-85c26359ae64,PMID:34230197,,Validating Techniques for Measurement of Cutaneous Neurofibromas: Recommendations for Clinical Trials.,,,,,,,AI validation - Sonnet 4.5
0db4d9bd-94ea-4d2f-b3cc-c169d0826e88,PMID:36316421,,Non-invasive brain stimulation modulates GABAergic activity in neurofibromatosis 1,,,,,,,AI validation - Sonnet 4.5
594d82c2-9aa7-4d0e-8862-a1fba7a1878d,PMID:28587872,,Validation of an automated tractography method for the optic radiations as a biomarker of visual acuity in neurofibromatosis-associated optic pathway glioma.,,,,,,,AI validation - Sonnet 4.5
eea91b35-69dd-4f20-a9b3-43e84a85116b,PMID:35648241,,Dose-dependent seizure control with MEK inhibitor therapy for progressive glioma in a child with neurofibromatosis type 1.,,,,,,,AI validation - Sonnet 4.5
7d7ef658-60ab-4c16-bd96-cbf68af59523,PMID:35673329,,Neuroanatomical correlates of working memory performance in Neurofibromatosis 1.,,,,,,,AI validation - Sonnet 4.5
a34a9e1f-6cc1-4d8d-9510-31d54016ca1e,PMID:36565307,,"COVID-19 in people with neurofibromatosis 1, neurofibromatosis 2, or schwannomatosis.",,,,,,,AI validation - Sonnet 4.5
496a42eb-8567-4139-b041-6eca45bd8162,PMID:32187457 ,,Selumetinib in Children with Inoperable Plexiform Neurofibromas,,,,,,,AI validation - Sonnet 4.5
a103683a-b4da-4dd9-b0ad-0fddabcc41b9,PMID:37115514,,Long-term safety and efficacy of selumetinib in children with neurofibromatosis type 1 on a phase 1/2 trial for inoperable plexiform neurofibromas,,,,,,,AI validation - Sonnet 4.5
aa4dc236-d2df-4b86-87f9-add76e0a8f52,PMID:37174087,,Vinblastine/Methotrexate for Debilitating and Progressive Plexiform Neurofibroma in Children and Young Adults with Neurofibromatosis Type 1: A Phase 2 Study,,,,,,,AI validation - Sonnet 4.5
382439f3-6726-4c79-9b5c-8867ba5821fc,PMID: 38475852,,Pilot study of the effectiveness of a telehealth group for improving peer relationships for adolescents with neurofibromatosis type 1,,,,,,,AI validation - Sonnet 4.5
f9a1fabf-2837-48c5-a177-de5e88d323ef,PMID:39196570,,Cutaneous Neurofibromas and Quality of Life in Adults With Neurofibromatosis Type 1,,,,,,,AI validation - Sonnet 4.5
2c885ef1-68e2-4337-bd76-b66cc1c887a7,PMID:37149083,,cNF-Skindex in Adults Living with Neurofibromatosis 1: Severity Strata in France and Validation in United States Adults.,,,,,,,AI validation - Sonnet 4.5
997e4d3c-030f-4bb8-9510-682203b27c23,PMID:39858077,,A Mixed Methods Study of Medication Adherence in Adults with Neurofibromatosis Type 1 (NF1) on a Clinical Trial of Selumetinib.,,,,,,,AI validation - Sonnet 4.5
dee0fdf3-286c-4201-802e-1f618ad7f085,PMID:37712888,,A common single nucleotide variant in the cytokine receptor-like factor-3 (CRLF3) gene causes neuronal deficits in human and mouse cells.,,,,,,,AI validation - Sonnet 4.5
740b9782-53b7-40fd-9db3-233188e332e8,PMID:3102622,,A computed image analyzing system for quantitation of melanocyte morphology in café-au-lait macules of neurofibromatosis.,,,,,,,AI validation - Sonnet 4.5
5c856768-a372-4352-bc52-fe9d5652872c,PMID:34573290,,Performance Evaluation of SpliceAI for the Prediction of Splicing of NF1 Variants,,,,,,,AI validation - Sonnet 4.5
9d14d6f6-6a03-422a-a359-039a637604cf,PMID:38603731,,Raman difference spectroscopy and U-Net convolutional neural network for molecular analysis of cutaneous neurofibroma.,,,,,,,AI validation - Sonnet 4.5
bbe6b741-31b7-4553-a043-1ed89d6b8ee8,PMID:40887659,,RENOVO-NF1 accurately predicts NF1 missense variant pathogenicity.,,,,,,,AI validation - Sonnet 4.5
e648256e-7423-41ca-9a3d-ae987cde64b6,PMID:34106871,,DINs: Deep Interactive Networks for Neurofibroma Segmentation in Neurofibromatosis Type 1 on Whole-Body MRI.,,,,,,,AI validation - Sonnet 4.5
